ISBN Used,API URL,Raw JSON Response,Extracted Price
9780062999702,https://booksrun.com/api/v3/price/buy/9780062999702?key=6nszyk9boeq6yad0hqh4,"{""result"": {""status"": ""success"", ""message"": """", ""offers"": {""booksrun"": {""used"": ""none"", ""new"": ""none"", ""rent"": ""none"", ""shipping"": 0, ""ebook"": ""none""}, ""marketplace"": ""none"", ""international_shipping"": ""none""}}}",No offers available
9781844088195,https://booksrun.com/api/v3/price/buy/9781844088195?key=6nszyk9boeq6yad0hqh4,"{""result"": {""status"": ""success"", ""message"": """", ""offers"": {""booksrun"": {""used"": ""none"", ""new"": ""none"", ""rent"": ""none"", ""shipping"": 0, ""ebook"": ""none""}, ""marketplace"": ""none"", ""international_shipping"": ""none""}}}",No offers available
9780525575740,https://booksrun.com/api/v3/price/buy/9780525575740?key=6nszyk9boeq6yad0hqh4,"{""result"": {""status"": ""success"", ""message"": """", ""offers"": {""booksrun"": {""used"": ""none"", ""new"": ""none"", ""rent"": ""none"", ""shipping"": 0, ""ebook"": ""none""}, ""marketplace"": ""none"", ""international_shipping"": ""none""}}}",No offers available
9780062316103,https://booksrun.com/api/v3/price/buy/9780062316103?key=6nszyk9boeq6yad0hqh4,"{""result"": {""status"": ""success"", ""message"": """", ""offers"": {""booksrun"": {""used"": ""none"", ""new"": ""none"", ""rent"": ""none"", ""shipping"": 0, ""ebook"": ""none""}, ""marketplace"": ""none"", ""international_shipping"": ""none""}}}",No offers available
9781942664857,https://booksrun.com/api/v3/price/buy/9781942664857?key=6nszyk9boeq6yad0hqh4,"{""result"": {""status"": ""success"", ""message"": """", ""offers"": {""booksrun"": {""used"": ""none"", ""new"": ""none"", ""rent"": ""none"", ""shipping"": 0, ""ebook"": ""none""}, ""marketplace"": ""none"", ""international_shipping"": ""none""}}}",No offers available
9781942872764,https://booksrun.com/api/v3/price/buy/9781942872764?key=6nszyk9boeq6yad0hqh4,"{""result"": {""status"": ""success"", ""message"": """", ""offers"": {""booksrun"": {""used"": ""none"", ""new"": ""none"", ""rent"": ""none"", ""shipping"": 0, ""ebook"": ""none""}, ""marketplace"": ""none"", ""international_shipping"": ""none""}}}",No offers available
9781941644119,https://booksrun.com/api/v3/price/buy/9781941644119?key=6nszyk9boeq6yad0hqh4,"{""result"": {""status"": ""success"", ""message"": """", ""offers"": {""booksrun"": {""used"": ""none"", ""new"": ""none"", ""rent"": ""none"", ""shipping"": 0, ""ebook"": ""none""}, ""marketplace"": ""none"", ""international_shipping"": ""none""}}}",No offers available
9780593512302,https://booksrun.com/api/v3/price/buy/9780593512302?key=6nszyk9boeq6yad0hqh4,"{""result"": {""status"": ""success"", ""message"": """", ""offers"": {""booksrun"": {""used"": ""none"", ""new"": ""none"", ""rent"": ""none"", ""shipping"": 0, ""ebook"": ""none""}, ""marketplace"": ""none"", ""international_shipping"": ""none""}}}",No offers available
9781942683032,https://booksrun.com/api/v3/price/buy/9781942683032?key=6nszyk9boeq6yad0hqh4,"{""result"": {""status"": ""success"", ""message"": """", ""offers"": {""booksrun"": {""used"": ""none"", ""new"": ""none"", ""rent"": ""none"", ""shipping"": 0, ""ebook"": ""none""}, ""marketplace"": ""none"", ""international_shipping"": ""none""}}}",No offers available
9781788880152,https://booksrun.com/api/v3/price/buy/9781788880152?key=6nszyk9boeq6yad0hqh4,"{""result"": {""status"": ""success"", ""message"": """", ""offers"": {""booksrun"": {""used"": ""none"", ""new"": ""none"", ""rent"": ""none"", ""shipping"": 0, ""ebook"": ""none""}, ""marketplace"": ""none"", ""international_shipping"": ""none""}}}",No offers available
9798385208630,https://booksrun.com/api/v3/price/buy/9798385208630?key=6nszyk9boeq6yad0hqh4,"{""result"": {""status"": ""error"", ""message"": ""Wrong Isbn"", ""offers"": []}}",Wrong Isbn
9781620100431,https://booksrun.com/api/v3/price/buy/9781620100431?key=6nszyk9boeq6yad0hqh4,"{""result"": {""status"": ""success"", ""message"": """", ""offers"": {""booksrun"": {""used"": ""none"", ""new"": ""none"", ""rent"": ""none"", ""shipping"": 0, ""ebook"": ""none""}, ""marketplace"": ""none"", ""international_shipping"": ""none""}}}",No offers available
9781101201053,https://booksrun.com/api/v3/price/buy/9781101201053?key=6nszyk9boeq6yad0hqh4,"{""result"": {""status"": ""success"", ""message"": """", ""offers"": {""booksrun"": {""used"": ""none"", ""new"": ""none"", ""rent"": ""none"", ""shipping"": 0, ""ebook"": ""none""}, ""marketplace"": ""none"", ""international_shipping"": ""none""}}}",No offers available
9780316063791,https://booksrun.com/api/v3/price/buy/9780316063791?key=6nszyk9boeq6yad0hqh4,"{""result"": {""status"": ""success"", ""message"": """", ""offers"": {""booksrun"": {""used"": ""none"", ""new"": ""none"", ""rent"": ""none"", ""shipping"": 0, ""ebook"": ""none""}, ""marketplace"": ""none"", ""international_shipping"": ""none""}}}",No offers available
9781014701558,https://booksrun.com/api/v3/price/buy/9781014701558?key=6nszyk9boeq6yad0hqh4,"{""result"": {""status"": ""success"", ""message"": """", ""offers"": {""booksrun"": {""used"": ""none"", ""new"": ""none"", ""rent"": ""none"", ""shipping"": 0, ""ebook"": ""none""}, ""marketplace"": ""none"", ""international_shipping"": ""none""}}}",No offers available
9781933747491,https://booksrun.com/api/v3/price/buy/9781933747491?key=6nszyk9boeq6yad0hqh4,"{""result"": {""status"": ""success"", ""message"": """", ""offers"": {""booksrun"": {""used"": ""none"", ""new"": ""none"", ""rent"": ""none"", ""shipping"": 0, ""ebook"": ""none""}, ""marketplace"": ""none"", ""international_shipping"": ""none""}}}",No offers available
9781939994677,https://booksrun.com/api/v3/price/buy/9781939994677?key=6nszyk9boeq6yad0hqh4,"{""result"": {""status"": ""success"", ""message"": """", ""offers"": {""booksrun"": {""used"": ""none"", ""new"": ""none"", ""rent"": ""none"", ""shipping"": 0, ""ebook"": ""none""}, ""marketplace"": ""none"", ""international_shipping"": ""none""}}}",No offers available
9781927366486,https://booksrun.com/api/v3/price/buy/9781927366486?key=6nszyk9boeq6yad0hqh4,"{""result"": {""status"": ""success"", ""message"": """", ""offers"": {""booksrun"": {""used"": ""none"", ""new"": ""none"", ""rent"": ""none"", ""shipping"": 0, ""ebook"": ""none""}, ""marketplace"": ""none"", ""international_shipping"": ""none""}}}",No offers available
9781910633304,https://booksrun.com/api/v3/price/buy/9781910633304?key=6nszyk9boeq6yad0hqh4,"{""result"": {""status"": ""success"", ""message"": """", ""offers"": {""booksrun"": {""used"": ""none"", ""new"": ""none"", ""rent"": ""none"", ""shipping"": 0, ""ebook"": ""none""}, ""marketplace"": ""none"", ""international_shipping"": ""none""}}}",No offers available
9780804188937,https://booksrun.com/api/v3/price/buy/9780804188937?key=6nszyk9boeq6yad0hqh4,"{""result"": {""status"": ""success"", ""message"": """", ""offers"": {""booksrun"": {""used"": ""none"", ""new"": ""none"", ""rent"": ""none"", ""shipping"": 0, ""ebook"": ""none""}, ""marketplace"": ""none"", ""international_shipping"": ""none""}}}",No offers available
9781940352534,https://booksrun.com/api/v3/price/buy/9781940352534?key=6nszyk9boeq6yad0hqh4,"{""result"": {""status"": ""success"", ""message"": """", ""offers"": {""booksrun"": {""used"": ""none"", ""new"": ""none"", ""rent"": ""none"", ""shipping"": 0, ""ebook"": ""none""}, ""marketplace"": ""none"", ""international_shipping"": ""none""}}}",No offers available
9780062048431,https://booksrun.com/api/v3/price/buy/9780062048431?key=6nszyk9boeq6yad0hqh4,"{""result"": {""status"": ""success"", ""message"": """", ""offers"": {""booksrun"": {""used"": ""none"", ""new"": ""none"", ""rent"": ""none"", ""shipping"": 0, ""ebook"": ""none""}, ""marketplace"": ""none"", ""international_shipping"": ""none""}}}",No offers available
9781439167939,https://booksrun.com/api/v3/price/buy/9781439167939?key=6nszyk9boeq6yad0hqh4,"{""result"": {""status"": ""success"", ""message"": """", ""offers"": {""booksrun"": {""used"": ""none"", ""new"": ""none"", ""rent"": ""none"", ""shipping"": 0, ""ebook"": ""none""}, ""marketplace"": ""none"", ""international_shipping"": ""none""}}}",No offers available
9781935179948,https://booksrun.com/api/v3/price/buy/9781935179948?key=6nszyk9boeq6yad0hqh4,"{""result"": {""status"": ""success"", ""message"": """", ""offers"": {""booksrun"": {""used"": ""none"", ""new"": ""none"", ""rent"": ""none"", ""shipping"": 0, ""ebook"": ""none""}, ""marketplace"": ""none"", ""international_shipping"": ""none""}}}",No offers available
9781936161461,https://booksrun.com/api/v3/price/buy/9781936161461?key=6nszyk9boeq6yad0hqh4,"{""result"": {""status"": ""success"", ""message"": """", ""offers"": {""booksrun"": {""used"": ""none"", ""new"": ""none"", ""rent"": ""none"", ""shipping"": 0, ""ebook"": ""none""}, ""marketplace"": ""none"", ""international_shipping"": ""none""}}}",No offers available
9780805097351,https://booksrun.com/api/v3/price/buy/9780805097351?key=6nszyk9boeq6yad0hqh4,"{""result"": {""status"": ""success"", ""message"": """", ""offers"": {""booksrun"": {""used"": ""none"", ""new"": ""none"", ""rent"": ""none"", ""shipping"": 0, ""ebook"": ""none""}, ""marketplace"": ""none"", ""international_shipping"": ""none""}}}",No offers available
9788896968604,https://booksrun.com/api/v3/price/buy/9788896968604?key=6nszyk9boeq6yad0hqh4,"{""result"": {""status"": ""success"", ""message"": """", ""offers"": {""booksrun"": {""used"": ""none"", ""new"": ""none"", ""rent"": ""none"", ""shipping"": 0, ""ebook"": ""none""}, ""marketplace"": ""none"", ""international_shipping"": ""none""}}}",No offers available
9781934408018,https://booksrun.com/api/v3/price/buy/9781934408018?key=6nszyk9boeq6yad0hqh4,"{""result"": {""status"": ""success"", ""message"": """", ""offers"": {""booksrun"": {""used"": ""none"", ""new"": ""none"", ""rent"": ""none"", ""shipping"": 0, ""ebook"": ""none""}, ""marketplace"": ""none"", ""international_shipping"": ""none""}}}",No offers available
9781881273622,https://booksrun.com/api/v3/price/buy/9781881273622?key=6nszyk9boeq6yad0hqh4,"{""result"": {""status"": ""success"", ""message"": """", ""offers"": {""booksrun"": {""used"": ""none"", ""new"": ""none"", ""rent"": ""none"", ""shipping"": 0, ""ebook"": ""none""}, ""marketplace"": ""none"", ""international_shipping"": ""none""}}}",No offers available
9781848769533,https://booksrun.com/api/v3/price/buy/9781848769533?key=6nszyk9boeq6yad0hqh4,"{""result"": {""status"": ""success"", ""message"": """", ""offers"": {""booksrun"": {""used"": ""none"", ""new"": ""none"", ""rent"": ""none"", ""shipping"": 0, ""ebook"": ""none""}, ""marketplace"": ""none"", ""international_shipping"": ""none""}}}",No offers available
9780711247246,https://booksrun.com/api/v3/price/buy/9780711247246?key=6nszyk9boeq6yad0hqh4,"{""result"": {""status"": ""success"", ""message"": """", ""offers"": {""booksrun"": {""used"": ""none"", ""new"": ""none"", ""rent"": ""none"", ""shipping"": 0, ""ebook"": ""none""}, ""marketplace"": ""none"", ""international_shipping"": ""none""}}}",No offers available
9781466804272,https://booksrun.com/api/v3/price/buy/9781466804272?key=6nszyk9boeq6yad0hqh4,"{""result"": {""status"": ""success"", ""message"": """", ""offers"": {""booksrun"": {""used"": ""none"", ""new"": ""none"", ""rent"": ""none"", ""shipping"": 0, ""ebook"": ""none""}, ""marketplace"": ""none"", ""international_shipping"": ""none""}}}",No offers available
9781896764214,https://booksrun.com/api/v3/price/buy/9781896764214?key=6nszyk9boeq6yad0hqh4,"{""result"": {""status"": ""success"", ""message"": """", ""offers"": {""booksrun"": {""used"": ""none"", ""new"": ""none"", ""rent"": ""none"", ""shipping"": 0, ""ebook"": ""none""}, ""marketplace"": ""none"", ""international_shipping"": ""none""}}}",No offers available
9780964924123,https://booksrun.com/api/v3/price/buy/9780964924123?key=6nszyk9boeq6yad0hqh4,"{""result"": {""status"": ""success"", ""message"": """", ""offers"": {""booksrun"": {""used"": ""none"", ""new"": ""none"", ""rent"": ""none"", ""shipping"": 0, ""ebook"": ""none""}, ""marketplace"": ""none"", ""international_shipping"": ""none""}}}",No offers available
9781501112317,https://booksrun.com/api/v3/price/buy/9781501112317?key=6nszyk9boeq6yad0hqh4,"{""result"": {""status"": ""success"", ""message"": """", ""offers"": {""booksrun"": {""used"": ""none"", ""new"": ""none"", ""rent"": ""none"", ""shipping"": 0, ""ebook"": ""none""}, ""marketplace"": ""none"", ""international_shipping"": ""none""}}}",No offers available
9780060593650,https://booksrun.com/api/v3/price/buy/9780060593650?key=6nszyk9boeq6yad0hqh4,"{""result"": {""status"": ""success"", ""message"": """", ""offers"": {""booksrun"": {""used"": ""none"", ""new"": ""none"", ""rent"": ""none"", ""shipping"": 0, ""ebook"": ""none""}, ""marketplace"": ""none"", ""international_shipping"": ""none""}}}",No offers available
9781770908734,https://booksrun.com/api/v3/price/buy/9781770908734?key=6nszyk9boeq6yad0hqh4,"{""result"": {""status"": ""success"", ""message"": """", ""offers"": {""booksrun"": {""used"": ""none"", ""new"": ""none"", ""rent"": ""none"", ""shipping"": 0, ""ebook"": ""none""}, ""marketplace"": ""none"", ""international_shipping"": ""none""}}}",No offers available
9781458735423,https://booksrun.com/api/v3/price/buy/9781458735423?key=6nszyk9boeq6yad0hqh4,"{""result"": {""status"": ""success"", ""message"": """", ""offers"": {""booksrun"": {""used"": ""none"", ""new"": ""none"", ""rent"": ""none"", ""shipping"": 0, ""ebook"": ""none""}, ""marketplace"": ""none"", ""international_shipping"": ""none""}}}",No offers available
9780143128724,https://booksrun.com/api/v3/price/buy/9780143128724?key=6nszyk9boeq6yad0hqh4,"{""result"": {""status"": ""success"", ""message"": """", ""offers"": {""booksrun"": {""used"": ""none"", ""new"": ""none"", ""rent"": ""none"", ""shipping"": 0, ""ebook"": ""none""}, ""marketplace"": ""none"", ""international_shipping"": ""none""}}}",No offers available
9781781806838,https://booksrun.com/api/v3/price/buy/9781781806838?key=6nszyk9boeq6yad0hqh4,"{""result"": {""status"": ""success"", ""message"": """", ""offers"": {""booksrun"": {""used"": ""none"", ""new"": ""none"", ""rent"": ""none"", ""shipping"": 0, ""ebook"": ""none""}, ""marketplace"": ""none"", ""international_shipping"": ""none""}}}",No offers available
9781682300541,https://booksrun.com/api/v3/price/buy/9781682300541?key=6nszyk9boeq6yad0hqh4,"{""result"": {""status"": ""success"", ""message"": """", ""offers"": {""booksrun"": {""used"": ""none"", ""new"": ""none"", ""rent"": ""none"", ""shipping"": 0, ""ebook"": ""none""}, ""marketplace"": ""none"", ""international_shipping"": ""none""}}}",No offers available
9781619638457,https://booksrun.com/api/v3/price/buy/9781619638457?key=6nszyk9boeq6yad0hqh4,"{""result"": {""status"": ""success"", ""message"": """", ""offers"": {""booksrun"": {""used"": ""none"", ""new"": ""none"", ""rent"": ""none"", ""shipping"": 0, ""ebook"": ""none""}, ""marketplace"": ""none"", ""international_shipping"": ""none""}}}",No offers available
9781616206079,https://booksrun.com/api/v3/price/buy/9781616206079?key=6nszyk9boeq6yad0hqh4,"{""result"": {""status"": ""success"", ""message"": """", ""offers"": {""booksrun"": {""used"": ""none"", ""new"": ""none"", ""rent"": ""none"", ""shipping"": 0, ""ebook"": ""none""}, ""marketplace"": ""none"", ""international_shipping"": ""none""}}}",No offers available
9784295603344,https://booksrun.com/api/v3/price/buy/9784295603344?key=6nszyk9boeq6yad0hqh4,"{""result"": {""status"": ""success"", ""message"": """", ""offers"": {""booksrun"": {""used"": ""none"", ""new"": ""none"", ""rent"": ""none"", ""shipping"": 0, ""ebook"": ""none""}, ""marketplace"": ""none"", ""international_shipping"": ""none""}}}",No offers available
9781623363857,https://booksrun.com/api/v3/price/buy/9781623363857?key=6nszyk9boeq6yad0hqh4,"{""result"": {""status"": ""success"", ""message"": """", ""offers"": {""booksrun"": {""used"": ""none"", ""new"": ""none"", ""rent"": ""none"", ""shipping"": 0, ""ebook"": ""none""}, ""marketplace"": ""none"", ""international_shipping"": ""none""}}}",No offers available
9781250759405,https://booksrun.com/api/v3/price/buy/9781250759405?key=6nszyk9boeq6yad0hqh4,"{""result"": {""status"": ""success"", ""message"": """", ""offers"": {""booksrun"": {""used"": ""none"", ""new"": ""none"", ""rent"": ""none"", ""shipping"": 0, ""ebook"": ""none""}, ""marketplace"": ""none"", ""international_shipping"": ""none""}}}",No offers available
9781628727760,https://booksrun.com/api/v3/price/buy/9781628727760?key=6nszyk9boeq6yad0hqh4,"{""result"": {""status"": ""success"", ""message"": """", ""offers"": {""booksrun"": {""used"": ""none"", ""new"": ""none"", ""rent"": ""none"", ""shipping"": 0, ""ebook"": ""none""}, ""marketplace"": ""none"", ""international_shipping"": ""none""}}}",No offers available
9781682332504,https://booksrun.com/api/v3/price/buy/9781682332504?key=6nszyk9boeq6yad0hqh4,"{""result"": {""status"": ""success"", ""message"": """", ""offers"": {""booksrun"": {""used"": ""none"", ""new"": ""none"", ""rent"": ""none"", ""shipping"": 0, ""ebook"": ""none""}, ""marketplace"": ""none"", ""international_shipping"": ""none""}}}",No offers available
9780241970201,https://booksrun.com/api/v3/price/buy/9780241970201?key=6nszyk9boeq6yad0hqh4,"{""result"": {""status"": ""success"", ""message"": """", ""offers"": {""booksrun"": {""used"": ""none"", ""new"": ""none"", ""rent"": ""none"", ""shipping"": 0, ""ebook"": ""none""}, ""marketplace"": ""none"", ""international_shipping"": ""none""}}}",No offers available
9780606383585,https://booksrun.com/api/v3/price/buy/9780606383585?key=6nszyk9boeq6yad0hqh4,"{""result"": {""status"": ""success"", ""message"": """", ""offers"": {""booksrun"": {""used"": ""none"", ""new"": ""none"", ""rent"": ""none"", ""shipping"": 0, ""ebook"": ""none""}, ""marketplace"": ""none"", ""international_shipping"": ""none""}}}",No offers available
9780521229180,https://booksrun.com/api/v3/price/buy/9780521229180?key=6nszyk9boeq6yad0hqh4,"{""result"": {""status"": ""success"", ""message"": """", ""offers"": {""booksrun"": {""used"": ""none"", ""new"": ""none"", ""rent"": ""none"", ""shipping"": 0, ""ebook"": ""none""}, ""marketplace"": ""none"", ""international_shipping"": ""none""}}}",No offers available
9781682226780,https://booksrun.com/api/v3/price/buy/9781682226780?key=6nszyk9boeq6yad0hqh4,"{""result"": {""status"": ""success"", ""message"": """", ""offers"": {""booksrun"": {""used"": ""none"", ""new"": ""none"", ""rent"": ""none"", ""shipping"": 0, ""ebook"": ""none""}, ""marketplace"": ""none"", ""international_shipping"": ""none""}}}",No offers available
9781616206796,https://booksrun.com/api/v3/price/buy/9781616206796?key=6nszyk9boeq6yad0hqh4,"{""result"": {""status"": ""success"", ""message"": """", ""offers"": {""booksrun"": {""used"": ""none"", ""new"": ""none"", ""rent"": ""none"", ""shipping"": 0, ""ebook"": ""none""}, ""marketplace"": ""none"", ""international_shipping"": ""none""}}}",No offers available
9780062225252,https://booksrun.com/api/v3/price/buy/9780062225252?key=6nszyk9boeq6yad0hqh4,"{""result"": {""status"": ""success"", ""message"": """", ""offers"": {""booksrun"": {""used"": ""none"", ""new"": ""none"", ""rent"": ""none"", ""shipping"": 0, ""ebook"": ""none""}, ""marketplace"": ""none"", ""international_shipping"": ""none""}}}",No offers available
9781134656424,https://booksrun.com/api/v3/price/buy/9781134656424?key=6nszyk9boeq6yad0hqh4,"{""result"": {""status"": ""success"", ""message"": """", ""offers"": {""booksrun"": {""used"": ""none"", ""new"": ""none"", ""rent"": ""none"", ""shipping"": 0, ""ebook"": ""none""}, ""marketplace"": ""none"", ""international_shipping"": ""none""}}}",No offers available
