UPC,Title,Price
a897fe39b1053632,A Light in the Attic,Â£51.77
90fa61229261140a,Tipping the Velvet,Â£53.74
6957f44c3847a760,Soumission,Â£50.10
e00eb4fd7b871a48,Sharp Objects,Â£47.82
4165285e1663650f,Sapiens: A Brief History of Humankind,Â£54.23
f77dbf2323deb740,The Requiem Red,Â£22.65
2597b5a345f45e1b,The Dirty Little Secrets of Getting Your Dream Job,Â£33.34
e72a5dfc7e9267b2,"The Coming Woman: A Novel Based on the Life of the Infamous Feminist, Victoria Woodhull",Â£17.93
e10e1e165dc8be4a,The Boys in the Boat: Nine Americans and Their Epic Quest for Gold at the 1936 Berlin Olympics,Â£22.60
1dfe412b8ac00530,The Black Maria,Â£52.15
0312262ecafa5a40,"Starving Hearts (Triangular Trade Trilogy, #1)",Â£13.99
30a7f60cd76ca58c,Shakespeare's Sonnets,Â£20.66
ce6396b0f23f6ecc,Set Me Free,Â£17.46
3b1c02bac2a429e6,Scott Pilgrim's Precious Little Life (Scott Pilgrim #1),Â£52.29
a34ba96d4081e6a4,Rip it Up and Start Again,Â£35.02
deda3e61b9514b83,"Our Band Could Be Your Life: Scenes from the American Indie Underground, 1981-1991",Â£57.25
feb7cc7701ecf901,Olio,Â£23.88
e30f54cea9b38190,Mesaerion: The Best Science Fiction Stories 1800-1849,Â£37.59
a18a4f574854aced,Libertarianism for Beginners,Â£51.33
a22124811bfa8350,It's Only the Himalayas,Â£45.17
23356462d1320d61,In Her Wake,Â£12.84
327f68a59745c102,How Music Works,Â£37.32
5674a18a29a43ced,"Foolproof Preserving: A Guide to Small Batch Jams, Jellies, Pickles, Condiments, and More: A Foolproof Guide to Making Small Batch Jams, Jellies, Pickles, Condiments, and More",Â£30.52
c2e46a2ee3b4a322,Chase Me (Paris Nights #2),Â£25.27
00bfed9e18bb36f3,Black Dust,Â£34.53
9528d0948525bf5f,Birdsong: A Story in Pictures,Â£54.64
c7d160c2c0de586f,America's Cradle of Quarterbacks: Western Pennsylvania's Football Factory from Johnny Unitas to Joe Montana,Â£22.50
904208d6aa64b655,Aladdin and His Wonderful Lamp,Â£53.13
4c28def39d850cdf,Worlds Elsewhere: Journeys Around Shakespeareâs Globe,Â£40.30
ccd9ffa25efabdea,Wall and Piece,Â£44.18
6258a1f6a6dcfe50,The Four Agreements: A Practical Guide to Personal Freedom,Â£17.66
3c039985229453bf,The Five Love Languages: How to Express Heartfelt Commitment to Your Mate,Â£31.05
5dada2b7be26bd03,The Elephant Tree,Â£23.82
9f6568e9c95f60b0,The Bear and the Piano,Â£36.89
6be3beb0793a53e7,Sophie's World,Â£15.94
668fe56b17cfcd4f,Penny Maybe,Â£33.29
094b269567e1c300,Maude (1883-1993):She Grew Up with the country,Â£18.02
19ed25f4641d5efd,"In a Dark, Dark Wood",Â£19.63
be5cc846f45496fb,Behind Closed Doors,Â£52.22
55f9da0c5eea2e10,You can't bury them all: Poems,Â£33.63
b4fd5943413e089a,Slow States of Collapse: Poems,Â£57.31
c8f7f0cb1abb9cac,Reasons to Stay Alive,Â£26.41
b12b89017878a60d,Private Paris (Private #10),Â£47.61
c27f6e1f185b0383,#HigherSelfie: Wake Up Your Life. Free Your Soul. Find Your Tribe.,Â£23.11
acddfeab2a407640,Without Borders (Wanderlove #1),Â£45.07
3ecb690d1542c568,When We Collided,Â£31.77
8d455c7539795d2a,"We Love You, Charlie Freeman",Â£50.27
657fe5ead67a7767,Untitled Collection: Sabbath Poems 2014,Â£14.27
d170b5a0da46380e,"Unseen City: The Majesty of Pigeons, the Discreet Charm of Snails & Other Wonders of the Urban Wilderness",Â£44.18
7ae099f3898e0209,Unicorn Tracks,Â£18.78
9a9d6e9bc555731e,"Unbound: How Eight Technologies Made Us Human, Transformed Society, and Brought Our World to the Brink",Â£25.52
09555be379ad9253,Tsubasa: WoRLD CHRoNiCLE 2 (Tsubasa WoRLD CHRoNiCLE #2),Â£16.28
7858914fad68493c,Throwing Rocks at the Google Bus: How Growth Became the Enemy of Prosperity,Â£31.12
51653ef291ab7ddc,This One Summer,Â£19.49
709822d0b5bcb7f4,Thirst,Â£17.27
4eed62cf5f8d8edf,The Torch Is Passed: A Harding Family Story,Â£19.09
b5ea0b5dabed25a8,The Secret of Dreadwillow Carse,Â£56.13
142d767a56a9254d,"The Pioneer Woman Cooks: Dinnertime: Comfort Classics, Freezer Food, 16-Minute Meals, and Other Delicious Ways to Solve Supper!",Â£56.41
5ee94540d0749ea0,The Past Never Ends,Â£56.50
cedf82b5086e4691,The Natural History of Us (The Fine Art of Pretending #2),Â£45.22
7d385d34d12e60ff,The Nameless City (The Nameless City #1),Â£38.16
d01ac97e2b8947c2,The Murder That Never Was (Forensic Instincts #5),Â£54.11
aadee1c326d286e3,The Most Perfect Thing: Inside (and Outside) a Bird's Egg,Â£42.96
31075275518532d7,"The Mindfulness and Acceptance Workbook for Anxiety: A Guide to Breaking Free from Anxiety, Phobias, and Worry Using Acceptance and Commitment Therapy",Â£23.89
0da9aa9d24677fc0,The Life-Changing Magic of Tidying Up: The Japanese Art of Decluttering and Organizing,Â£16.77
8c9e6bf2467d740d,"The Inefficiency Assassin: Time Management Tactics for Working Smarter, Not Longer",Â£20.59
acd86a5426e21ca0,The Gutsy Girl: Escapades for Your Life of Epic Adventure,Â£37.13
a30b270e25489e5c,The Electric Pencil: Drawings from Inside State Hospital No. 3,Â£56.06
bd261725b99f5983,The Death of Humanity: and the Case for Life,Â£58.11
43c6a960757cf559,"The Bulletproof Diet: Lose up to a Pound a Day, Reclaim Energy and Focus, Upgrade Your Life",Â£49.05
80cfab6bcff3a244,The Art Forger,Â£40.76
a3d2a4250807f1e9,The Age of Genius: The Seventeenth Century and the Birth of the Modern Mind,Â£19.73
7d6d2a6c0276f81b,The Activist's Tao Te Ching: Ancient Advice for a Modern Revolution,Â£32.24
87b0615b6e1f4d7b,Spark Joy: An Illustrated Master Class on the Art of Organizing and Tidying Up,Â£41.83
e6af5bf1163c1151,Soul Reader,Â£39.58
6f78a0d744c35456,Security,Â£39.25
c849f0b2f5d6a742,"Saga, Volume 6 (Saga (Collected Editions) #6)",Â£25.02
53a3d11bb568cc8b,"Saga, Volume 5 (Saga (Collected Editions) #5)",Â£51.04
d7310206583a54b6,Reskilling America: Learning to Labor in the Twenty-First Century,Â£19.83
c82a3e358c773c73,"Rat Queens, Vol. 3: Demons (Rat Queens (Collected Editions) #11-15)",Â£50.40
0fa6dceead7ce47a,"Princess Jellyfish 2-in-1 Omnibus, Vol. 01 (Princess Jellyfish 2-in-1 Omnibus #1)",Â£13.61
0e691eda369f4e09,Princess Between Worlds (Wide-Awake Princess #5),Â£13.34
e80f8e518b300dfe,"Pop Gun War, Volume 1: Gift",Â£18.97
7392c0032f92d816,"Political Suicide: Missteps, Peccadilloes, Bad Calls, Backroom Hijinx, Sordid Pasts, Rotten Breaks, and Just Plain Dumb Mistakes in the Annals of American Politics",Â£36.28
9429b4d59c537af5,Patience,Â£10.16
889139b8e9c4cb36,"Outcast, Vol. 1: A Darkness Surrounds Him (Outcast #1)",Â£15.44
11809b1d323b3057,orange: The Complete Collection 1 (orange: The Complete Collection #1),Â£48.41
9ffa38d3b832433a,Online Marketing for Busy Authors: A Step-By-Step Guide,Â£46.35
b757c0c361e689ce,On a Midnight Clear,Â£14.07
3c346ab1e76ae1f6,Obsidian (Lux #1),Â£14.86
784bc2279baa878d,My Paris Kitchen: Recipes and Stories,Â£33.37
fa9610a50a1bf149,Masks and Shadows,Â£56.40
72f9d5be3472d34e,"Mama Tried: Traditional Italian Cooking for the Screwed, Crude, Vegan, and Tattooed",Â£14.02
460089f796fb3f82,"Lumberjanes, Vol. 2: Friendship to the Max (Lumberjanes #5-8)",Â£46.91
b6ee99bcf06fc91f,"Lumberjanes, Vol. 1: Beware the Kitten Holy (Lumberjanes #1-4)",Â£45.61
57e5a4d515c8ce44,Lumberjanes Vol. 3: A Terrible Plan (Lumberjanes #9-12),Â£19.92
7b75cc7f223791f4,"Layered: Baking, Building, and Styling Spectacular Cakes",Â£40.11
228f74b74f3a08ae,Judo: Seven Steps to Black Belt (an Introductory Guide for Beginners),Â£53.90
18ad3ed896c7ce05,Join,Â£35.67
b136b1b180ca753a,In the Country We Love: My Family Divided,Â£22.00
e4f74c16de34d440,Immunity: How Elie Metchnikoff Changed the Course of Modern Medicine,Â£57.36
8d4eefad7a2b3915,"I Hate Fairyland, Vol. 1: Madly Ever After (I Hate Fairyland (Compilations) #1-5)",Â£29.17
1c89ae5bb804e4de,I am a Hero Omnibus Volume 1,Â£54.63
a6f99b9e687f9d46,How to Be Miserable: 40 Strategies You Already Use,Â£46.03
2a97cffe61c3c4c7,Her Backup Boyfriend (The Sorensen Family #1),Â£33.97
f2df3bb043a8abb0,"Giant Days, Vol. 2 (Giant Days #5-8)",Â£22.11
9beb96a2300109d7,Forever and Forever: The Courtship of Henry Longfellow and Fanny Appleton,Â£29.69
9e28048cea8d41f7,First and First (Five Boroughs #3),Â£15.97
7add3f8e49ec0826,Fifty Shades Darker (Fifty Shades #2),Â£21.96
311c0dd0e354a33e,Everydata: The Misinformation Hidden in the Little Data You Consume Every Day,Â£54.35
fce19f9b4a943f22,"Don't Be a Jerk: And Other Practical Advice from Dogen, Japan's Greatest Zen Master",Â£37.97
09b6cc87e62c2c58,Danganronpa Volume 1,Â£51.99
7267864328ae8b9d,Crown of Midnight (Throne of Glass #2),Â£43.29
8754c83ab2a7ae71,"Codename Baboushka, Volume 1: The Conclave of Death",Â£36.72
7b599c8bfcdd8d30,Camp Midnight,Â£17.08
bee3672891cca906,Call the Nurse: True Stories of a Country Nurse on a Scottish Isle,Â£29.14
5ceb951f629700a2,Burning,Â£28.81
74baabfc8fd84b38,Bossypants,Â£49.46
bdf415fd484ea8a7,"Bitch Planet, Vol. 1: Extraordinary Machine (Bitch Planet (Collected Editions))",Â£37.92
6d5300b2d8f37e07,"Avatar: The Last Airbender: Smoke and Shadow, Part 3 (Smoke and Shadow #3)",Â£28.09
38d45839cb1c83c1,Algorithms to Live By: The Computer Science of Human Decisions,Â£30.81
70ed59f194b3c556,A World of Flavor: Your Gluten Free Passport,Â£42.95
8a380641491d43ed,"A Piece of Sky, a Grain of Rice: A Memoir in Four Meditations",Â£56.76
f733e8c19d40ec2e,A Murder in Time,Â£16.64
3a6fb983e2554023,A Flight of Arrows (The Pathfinders #2),Â£55.53
842790dfaa937484,A Fierce and Subtle Poison,Â£28.13
01d2001ac1e6f8a3,A Court of Thorns and Roses (A Court of Thorns and Roses #1),Â£52.37
e4ac92d89b946781,(Un)Qualified: How God Uses Broken People to Do Big Things,Â£54.00
796c87ddbbaaf8c5,You Are What You Love: The Spiritual Power of Habit,Â£21.87
9270575728a13a61,"William Shakespeare's Star Wars: Verily, A New Hope (William Shakespeare's Star Wars #4)",Â£43.30
b8736690cf263a3c,Tuesday Nights in 1980,Â£21.04
d7d6d50c1e3d0b81,Tracing Numbers on a Train,Â£41.60
590a9cccf7db9f7d,Throne of Glass (Throne of Glass #1),Â£35.07
de3f25248ba0789f,Thomas Jefferson and the Tripoli Pirates: The Forgotten War That Changed American History,Â£59.64
bc2a85fd35fdc7bd,Thirteen Reasons Why,Â£52.72
37c0cb19713d8dda,The White Cat and the Monk: A Retelling of the Poem âPangur BÃ¡nâ,Â£58.08
623e1a180426039b,The Wedding Dress,Â£24.12
fd3a622648667296,The Vacationers,Â£42.15
3bebf34ee9330cbd,The Third Wave: An Entrepreneurâs Vision of the Future,Â£12.61
f5a92cff83897d48,The Stranger,Â£17.44
d6361d16212664ed,The Shadow Hero (The Shadow Hero),Â£33.14
961f18db4f138211,The Secret (The Secret #1),Â£27.37
0651062381f0636a,The Regional Office Is Under Attack!,Â£51.36
e98a4efa85070c2f,The Psychopath Test: A Journey Through the Madness Industry,Â£36.00
790ef197c8f236f5,The Project,Â£10.65
8ec14b1576cb7cb5,The Power of Now: A Guide to Spiritual Enlightenment,Â£43.54
209adad1015af86f,The Omnivore's Dilemma: A Natural History of Four Meals,Â£38.21
e4c7f3487d17fd42,The Nerdy Nummies Cookbook: Sweet Treats for the Geek in All of Us,Â£37.34
c7b5183f4d1d4efe,The Murder of Roger Ackroyd (Hercule Poirot #4),Â£44.10
99ff4cc6491e8f5c,The Mistake (Off-Campus #2),Â£43.29
08db62f24627e71f,The Matchmaker's Playbook (Wingmen Inc. #1),Â£55.85
e28e330cbdf01126,The Love and Lemons Cookbook: An Apple-to-Zucchini Celebration of Impromptu Cooking,Â£37.60
abeafe151a587d3b,The Long Shadow of Small Ghosts: Murder and Memory in an American City,Â£10.97
eac1a180047ad54e,The Kite Runner,Â£41.82
9287e238d7c3b06e,The House by the Lake,Â£36.95
2dbb7ec08cdd7f3c,The Glittering Court (The Glittering Court #1),Â£44.28
e956d67c9bcc5809,The Girl on the Train,Â£55.02
42d0d7c92b75fc1c,The Genius of Birds,Â£17.24
d6670dfe3e7b42bd,The Emerald Mystery,Â£23.15
96a38e7c813d8f1d,The Cookies & Cups Cookbook: 125+ sweet & savory recipes reminding you to Always Eat Dessert First,Â£41.25
efc3768127714ec3,The Bridge to Consciousness: I'm Writing the Bridge Between Science and Our Old and New Beliefs.,Â£32.00
dd047728de72ad62,The Artist's Way: A Spiritual Path to Higher Creativity,Â£38.49
e7469e22b5bfb3e7,The Art of War,Â£33.34
c99761a700ade23f,The Argonauts,Â£10.93
56e4f9eab2e8e674,The 10% Entrepreneur: Live Your Startup Dream Without Quitting Your Day Job,Â£27.55
203b7f94b7d6115f,Suddenly in Love (Lake Haven #1),Â£55.99
ca71e72655bece85,Something More Than This,Â£16.24
2a70769cdc6eb8b8,Soft Apocalypse,Â£26.12
1b33663ad7b95fd8,So You've Been Publicly Shamed,Â£12.23
0e0dcc3339602b28,Shoe Dog: A Memoir by the Creator of NIKE,Â£23.99
0c27e6c3744fc14b,"Shobu Samurai, Project Aryoku (#3)",Â£29.06
ad04ad9fc179fc5d,Secrets and Lace (Fatal Hearts #1),Â£20.27
1c929cfd16b71907,Scarlett Epstein Hates It Here,Â£43.55
e656e280bc8edd56,Romero and Juliet: A Tragic Tale of Love and Zombies,Â£36.94
b53db2271c9624f7,Redeeming Love,Â£20.47
d9c643fa1fc57bdb,Poses for Artists Volume 1 - Dynamic and Sitting Poses: An Essential Reference for Figure Drawing and the Human Form,Â£41.06
31001a1210623bd4,Poems That Make Grown Women Cry,Â£14.19
50b8f80311b31ede,"Nightingale, Sing",Â£38.28
cfeb1e1e0e695b58,Night Sky with Exit Wounds,Â£41.05
a40723994f715420,Mrs. Houdini,Â£30.25
caf4fe9311f1dc59,Modern Romance,Â£28.26
af96613fdd793a3c,Miss Peregrineâs Home for Peculiar Children (Miss Peregrineâs Peculiar Children #1),Â£10.76
d69dd8dac66f9f84,Louisa: The Extraordinary Life of Mrs. Adams,Â£16.85
4aa03792b50f0b22,Little Red,Â£13.47
ba54932df84e8cea,Library of Souls (Miss Peregrineâs Peculiar Children #3),Â£48.56
c1afd71fc86bf682,Large Print Heart of the Pride,Â£19.15
fd8585283fc7d2d7,I Had a Nice Time And Other Lies...: How to find love & sh*t like that,Â£57.36
4ce91d31c1e57c33,Hollow City (Miss Peregrineâs Peculiar Children #2),Â£42.98
d163dd6c352fbcd2,Grumbles,Â£22.16
ce60436f52c5ee68,Full Moon over Noahâs Ark: An Odyssey to Mount Ararat and Beyond,Â£49.43
116a2fdc9a45bab0,Frostbite (Vampire Academy #2),Â£29.99
8585760646e3aa2a,Follow You Home,Â£21.36
2f88b08bf0a0e367,First Steps for New Christians (Print Edition),Â£29.00
edb3097e71330040,Finders Keepers (Bill Hodges Trilogy #2),Â£53.53
65d034adf80834b7,"Fables, Vol. 1: Legends in Exile (Fables #1)",Â£41.62
29c0025455f8c585,Eureka Trivia 6.0,Â£54.59
6ffb36aaeff1c81e,Drive: The Surprising Truth About What Motivates Us,Â£34.95
f6d967cdadc6fbd9,Done Rubbed Out (Reightman & Bailey #1),Â£37.72
3a11bb962ff45b78,Doing It Over (Most Likely To #1),Â£35.61
46c1530d7546ea6d,"Deliciously Ella Every Day: Quick and Easy Recipes for Gluten-Free Snacks, Packed Lunches, and Simple Meals",Â£42.16
88c21fcd38e2486e,Dark Notes,Â£19.19
3b9a3b4624b7fd6d,"Daring Greatly: How the Courage to Be Vulnerable Transforms the Way We Live, Love, Parent, and Lead",Â£19.43
a57b1dcbd6849222,Close to You,Â£49.46
513271dadc1322ae,Chasing Heaven: What Dying Taught Me About Living,Â£37.80
1f329c2e7d7de8bd,Big Magic: Creative Living Beyond Fear,Â£30.80
919e7cb2269a25d2,Becoming Wise: An Inquiry into the Mystery and Art of Living,Â£27.43
3f69e667a67e54d9,Beauty Restored (Riley Family Legacy Novellas #3),Â£11.11
7edc0527cf782e19,Batman: The Long Halloween (Batman),Â£36.50
47271d8e08b5d31c,Batman: The Dark Knight Returns (Batman),Â£15.38
05f7c6d9a4e582d3,Ayumi's Violin,Â£15.48
d24b829be2ca81c4,Anonymous,Â£46.82
7ebfa6c1bee69e1e,Amy Meets the Saints and Sages,Â£18.46
bb8245f52c7cce8f,Amid the Chaos,Â£36.58
ffd54178acc9a6a5,Amatus,Â£50.54
d195e7f4ed697350,Agnostic: A Spirited Manifesto,Â£12.51
dd5bfa6cc2c0ecc3,Zealot: The Life and Times of Jesus of Nazareth,Â£24.70
024387ca4cafd5cc,You (You #1),Â£43.61
047097293bb4d1c0,"Wonder Woman: Earth One, Volume One (Wonder Woman: Earth One #1)",Â£37.34
3fb15ace50d6142b,Wild Swans,Â£14.36
2b5054a4192e9b06,Why the Right Went Wrong: Conservatism--From Goldwater to the Tea Party and Beyond,Â£52.65
44a10f1ac8ce822e,Whole Lotta Creativity Going On: 60 Fun and Unusual Exercises to Awaken and Strengthen Your Creativity,Â£38.20
6fd646a334e6e133,What's It Like in Space?: Stories from Astronauts Who've Been There,Â£19.60
92275cedf6d8ee15,"We Are Robin, Vol. 1: The Vigilante Business (We Are Robin #1)",Â£53.90
6a31307a81e8f3a8,Walt Disney's Alice in Wonderland,Â£12.96
4a1debca3135ff37,V for Vendetta (V for Vendetta Complete),Â£37.10
aba2db9afb1469c7,Until Friday Night (The Field Party #1),Â£46.31
76c84daa539426e2,"Unbroken: A World War II Story of Survival, Resilience, and Redemption",Â£45.95
1d6443ffba9dfd80,Twenty Yawns,Â£22.08
6e44bcbeac7f4360,Through the Woods,Â£25.38
f0f38174a7e689a3,This Is Where It Ends,Â£27.12
34c0d7c4ee5650af,The Year of Magical Thinking,Â£43.04
08b2f71d93836313,The Wright Brothers,Â£56.80
6875c5657661b2fb,The White Queen (The Cousins' War #1),Â£25.91
c5cb9f885d8b3621,The Wedding Pact (The O'Malleys #2),Â£32.61
e9906e2f0d189745,The Time Keeper,Â£27.88
081305e6df719dff,The Testament of Mary,Â£52.67
1528279aec1f3dce,The Star-Touched Queen,Â£46.02
00c4543ec6bd25b4,The Songs of the Gods,Â£44.48
e88fb1c9397cfb27,The Song of Achilles,Â£37.40
012094e90a4b908d,The Rosie Project (Don Tillman #1),Â£54.04
6bdd909329435e80,The Power of Habit: Why We Do What We Do in Life and Business,Â£16.88
52cf2a5933ec5d8f,The Marriage of Opposites,Â£28.08
4e812d32d64e2431,The Lucifer Effect: Understanding How Good People Turn Evil,Â£10.40
f21effc079a2b38a,The Long Haul (Diary of a Wimpy Kid #9),Â£44.07
2d88a31f325dfd3b,The Loney,Â£23.40
4881cc53f6c8892f,The Literature Book (Big Ideas Simply Explained),Â£17.43
3bc89353f7e3a3cc,The Last Mile (Amos Decker #2),Â£54.21
f72f61ad6a5f12ed,The Immortal Life of Henrietta Lacks,Â£40.67
992974ba6a0536ea,The Hidden Oracle (The Trials of Apollo #1),Â£52.26
ddc8340dabc8641b,The Help Yourself Cookbook for Kids: 60 Easy Plant-Based Recipes Kids Can Make to Stay Healthy and Save the Earth,Â£28.77
847935fc68707426,The Guilty (Will Robie #4),Â£13.82
a86972014275e072,The First Hostage (J.B. Collins #2),Â£25.85
3d76bc83c6b644c9,The Dovekeepers,Â£48.78
6edacfd1f8ebb9eb,The Darkest Lie,Â£35.35
dc6f688b82e42a5b,The Bane Chronicles (The Bane Chronicles #1-11),Â£44.73
923831a05c9f91f7,The Bad-Ass Librarians of Timbuktu: And Their Race to Save the Worldâs Most Precious Manuscripts,Â£15.77
1b8187fa4bf6ab05,The 14th Colony (Cotton Malone #11),Â£39.24
0c7b9cf2b7662b65,That Darkness (Gardiner and Renner #1),Â£13.92
2d1e337aaf341858,Tastes Like Fear (DI Marnie Rome #3),Â£10.69
2c04320e110a14a3,Take Me with You,Â£45.21
4c8b7540409da4ac,Swell: A Year of Waves,Â£45.58
ac8e3949d284e9a9,Superman Vol. 1: Before Truth (Superman by Gene Luen Yang #1),Â£11.89
fe44cc816576c652,Still Life with Bread Crumbs,Â£26.41
95019eac1c0a052f,Steve Jobs,Â£39.50
3edcccc4f341fb1a,Sorting the Beef from the Bull: The Science of Food Fraud Forensics,Â£44.74
a278db6b2b09cf9f,Someone Like You (The Harrisons #2),Â£52.79
394f6d30cafc3edb,"So Cute It Hurts!!, Vol. 6 (So Cute It Hurts!! #6)",Â£35.43
830fb3967c74866d,Shtum,Â£55.84
f9705c362f070608,See America: A Celebration of Our National Parks & Treasured Sites,Â£48.87
86cbddb61ea78bb7,salt.,Â£46.78
85b2176b3b194030,Robin War,Â£47.82
31e2e2d9cca3778f,"Red Hood/Arsenal, Vol. 1: Open for Business (Red Hood/Arsenal #1)",Â£25.48
a6454e329f872b78,Rain Fish,Â£23.57
aa35446aab16017f,"Quarter Life Poetry: Poems for the Young, Broke and Hangry",Â£50.89
af58a74e4b2a23a0,Pet Sematary,Â£10.56
8ecf0356a3878811,"Overload: How to Unplug, Unwind, and Unleash Yourself from the Pressure of Stress",Â£52.15
e34efcc824685332,Once Was a Time,Â£18.28
02b74068fa98d8a4,Old School (Diary of a Wimpy Kid #10),Â£11.83
132ec5e8c984adef,No Dream Is Too High: Life Lessons From a Man Who Walked on the Moon,Â£21.95
71e36f33981ddb74,"Naruto (3-in-1 Edition), Vol. 14: Includes Vols. 40, 41 & 42 (Naruto: Omnibus #14)",Â£38.39
727bf2b86b19ad88,My Name Is Lucy Barton,Â£41.56
cc82685d9f49bc2c,My Mrs. Brown,Â£24.48
137b0b2775701e11,My Kind of Crazy,Â£40.36
caa2e5b3fb1b2d4c,Mr. Mercedes (Bill Hodges Trilogy #1),Â£28.90
47d47155e89c8be7,More Than Music (Chasing the Dream #1),Â£37.61
b96fc7a0ea7d4b45,Made to Stick: Why Some Ideas Survive and Others Die,Â£38.85
5b43cae640f2338a,Luis Paints the World,Â£53.95
d512871626a5e588,Luckiest Girl Alive,Â£49.83
a10c7515834240f3,Lowriders to the Center of the Earth (Lowriders in Space #2),Â£51.51
adb5f51c2e2ab13f,Love Is a Mix Tape (Music #1),Â£18.03
24af96df0bafb925,Looking for Lovely: Collecting the Moments that Matter,Â£29.14
17fb5a88180f9904,"Living Leadership by Insight: A Good Leader Achieves, a Great Leader Builds Monuments",Â£46.91
1174156c4a0eccaa,Let It Out: A Journey Through Journaling,Â£26.79
708345c9897fd7c5,Lady Midnight (The Dark Artifices #1),Â£16.28
245e6bf08b8d2955,"It's All Easy: Healthy, Delicious Weeknight Meals in under 30 Minutes",Â£19.55
2b52334fab158861,Island of Dragons (Unwanteds #7),Â£29.65
b8a8ff84233f0570,I Know What I'm Doing -- and Other Lies I Tell Myself: Dispatches from a Life Under Construction,Â£25.98
aeff7b87a8e83ebb,I Am Pilgrim (Pilgrim #1),Â£10.60
fbb21a2f71f4d981,"Hyperbole and a Half: Unfortunate Situations, Flawed Coping Mechanisms, Mayhem, and Other Things That Happened",Â£14.75
6b6cd77fbc91b7a6,"Hush, Hush (Hush, Hush #1)",Â£47.02
0b165bd4b9f42fd5,Hold Your Breath (Search and Rescue #1),Â£28.82
afa829857f82f99e,Hamilton: The Revolution,Â£58.79
f201f263d8c23f97,Greek Mythic History,Â£10.23
eec424a84c9e4c68,God: The Most Unpleasant Character in All Fiction,Â£30.03
de4b403cb629a29f,Glory over Everything: Beyond The Kitchen House,Â£45.84
9194ae88379dbf1a,Feathers: Displays of Brilliant Plumage,Â£49.05
ac4dde0d1be05de0,"Far & Away: Places on the Brink of Change: Seven Continents, Twenty-Five Years",Â£15.06
a2bd4ca82d908442,Every Last Word,Â£46.47
9eaf58b03a2779cc,Eligible (The Austen Project #4),Â£27.09
27c5968fe43cc06e,El Deafo,Â£57.62
1d6dd0c87d90fe92,Eight Hundred Grapes,Â£14.39
a01f6d368ef64dc5,"Eaternity: More than 150 Deliciously Easy Vegan Recipes for a Long, Healthy, Satisfied, Joyful Life",Â£51.75
047dfa57ba0bf638,"Eat Fat, Get Thin",Â£54.07
ad2887ce04583910,Don't Get Caught,Â£55.35
bf5de316a5e9a4ab,Doctor Sleep (The Shining #2),Â£40.12
3c6fe637a0180b01,Demigods & Magicians: Percy and Annabeth Meet the Kanes (Percy Jackson & Kane Chronicles Crossover #1-3),Â£37.51
94a958ea126cdcd5,Dear Mr. Knightley,Â£11.21
0e94a089328be4bc,Daily Fantasy Sports,Â£36.58
4b9d9cfe0f435788,Crazy Love: Overwhelmed by a Relentless God,Â£47.72
28cf0d1c51b491e5,Cometh the Hour (The Clifton Chronicles #6),Â£25.01
33a3e0e3ffde0dcd,Code Name Verity (Code Name Verity #1),Â£22.13
42b0c50fc44140ec,Clockwork Angel (The Infernal Devices #1),Â£44.14
966ebb738e0f9d9b,City of Glass (The Mortal Instruments #3),Â£56.02
1e264c677d4ee4ae,City of Fallen Angels (The Mortal Instruments #4),Â£11.23
5b987e54ee72525c,City of Bones (The Mortal Instruments #1),Â£43.28
8a6ec2761f91dad2,City of Ashes (The Mortal Instruments #2),Â£47.27
bfbb54bc8cdeed2b,Cell,Â£20.29
e2e7b683b4c15b7d,Catching Jordan (Hundred Oaks),Â£50.83
1b0fc9f777cad045,"Carry On, Warrior: Thoughts on Life Unarmed",Â£31.85
5f22418922fa728b,Carrie,Â£46.23
16ef91b9d827859c,Buying In: The Secret Dialogue Between What We Buy and Who We Are,Â£37.80
a80f66b254fe9eb3,Brain on Fire: My Month of Madness,Â£49.32
bf68dcb5fad3cc8c,Batman: Europa,Â£32.01
999912e63a3262ae,Barefoot Contessa Back to Basics,Â£28.01
0e0da9192a025efc,Barefoot Contessa at Home: Everyday Recipes You'll Make Over and Over Again,Â£50.62
9b65f676984c9f0c,Balloon Animals,Â£17.03
ffdc825785c0ede8,Art Ops Vol. 1,Â£48.80
41164b8ac02a2c42,Aristotle and Dante Discover the Secrets of the Universe (Aristotle and Dante Discover the Secrets of the Universe #1),Â£58.14
1fbb5f786e53a0ce,Angels Walking (Angels Walking #1),Â£34.20
ad41c24ccac0c7ce,Angels & Demons (Robert Langdon #1),Â£51.48
39861fc1c0845d15,All the Light We Cannot See,Â£29.87
5319169a72714c62,"Adulthood Is a Myth: A ""Sarah's Scribbles"" Collection",Â£10.90
cf1aa2fc02a7d1e0,Abstract City,Â£56.37
4416c474713ec1f5,A Time of Torment (Charlie Parker #14),Â£48.35
63ee5bc46066a8a8,A Study in Scarlet (Sherlock Holmes #1),Â£16.73
c1379d3744f1dd2c,"A Series of Catastrophes and Miracles: A True Story of Love, Science, and Cancer",Â£56.48
1ad06aed9349af46,A People's History of the United States,Â£40.79
8682c03de6a844ff,A Man Called Ove,Â£39.72
d5e0526e1ab682a3,A Distant Mirror: The Calamitous 14th Century,Â£14.58
01a177623cce9596,A Brush of Wings (Angels Walking #3),Â£55.51
6e8e5626ac4d279e,1491: New Revelations of the Americas Before Columbus,Â£21.80
ac5e0d3938caf686,"The Three Searches, Meaning, and the Story",Â£13.33
2f0213137a80d485,Searching for Meaning in Gailana,Â£38.73
44d97b6707dae3f0,Rook,Â£37.86
8bbd7df8a324f31d,My Kitchen Year: 136 Recipes That Saved My Life,Â£11.53
4be9d1910f8a4e80,13 Hours: The Inside Account of What Really Happened In Benghazi,Â£27.06
077b635ff2afc578,Will You Won't You Want Me?,Â£13.86
148715df5a02ea5e,Tipping Point for Planet Earth: How Close Are We to the Edge?,Â£37.55
4a7a25be293ad678,The Star-Touched Queen,Â£32.30
ce1ae197ada2aec4,The Silent Sister (Riley MacPherson #1),Â£46.29
14e44163678e24dc,The Midnight Watch: A Novel of the Titanic and the Californian,Â£26.20
582a21a1dbbef3cf,The Lonely City: Adventures in the Art of Being Alone,Â£33.26
3063c7e95d0bf76f,The Gray Rhino: How to Recognize and Act on the Obvious Dangers We Ignore,Â£59.15
235fa48eeed11d82,The Golden Condom: And Other Essays on Love Lost and Found,Â£39.43
f732d7d18a91d2ba,The Epidemic (The Program 0.6),Â£14.44
c6ca293d4810e0d5,The Dinner Party,Â£56.54
54fc03f1e1d355db,The Diary of a Young Girl,Â£59.90
64fd010bf8d15096,The Children,Â£11.88
b63ea3f7a57ae099,Stars Above (The Lunar Chronicles #4.5),Â£48.05
f40fea200e0c644f,Snatched: How A Drug Queen Went Undercover for the DEA and Was Kidnapped By Colombian Guerillas,Â£21.21
ebf81a62e4798fd1,Raspberry Pi Electronics Projects for the Evil Genius,Â£49.67
8976d9161c027142,Quench Your Own Thirst: Business Lessons Learned Over a Beer or Two,Â£43.14
b8d7b3f5c7a95d65,Psycho: Sanitarium (Psycho #1.5),Â£36.97
abdd91e96515a617,Poisonous (Max Revere Novels #3),Â£26.80
81ef44fcc5f454df,One with You (Crossfire #5),Â£15.71
db84624b151cbe06,No Love Allowed (Dodge Cove #1),Â£54.65
e7fe3bf2768602cf,Murder at the 42nd Street Library (Raymond Ambler #1),Â£54.36
c039f5aceb093537,Most Wanted,Â£35.28
9546d537fbf99eb6,"Love, Lies and Spies",Â£20.55
b978c9852cde91bd,How to Speak Golf: An Illustrated Guide to Links Lingo,Â£58.32
bddc6fd036eb6279,Hide Away (Eve Duncan #20),Â£11.84
c6a29d6df8de968c,Furiously Happy: A Funny Book About Horrible Things,Â£41.46
76319fe9d8b465a3,Everyday Italian: 125 Simple and Delicious Recipes,Â£20.10
3968e3fbf4695d7c,Equal Is Unfair: America's Misguided Fight Against Income Inequality,Â£56.86
6983328f15506cb9,Eleanor & Park,Â£56.51
df7e628bad5782b4,Dirty (Dive Bar #1),Â£40.83
d069086944f2e330,Can You Keep a Secret? (Fear Street Relaunch #4),Â£48.64
49b24c6a41b82bd2,Boar Island (Anna Pigeon #19),Â£59.48
63343e287971bb0c,A Paris Apartment,Â£39.01
a4eef523118805ef,"A la Mode: 120 Recipes in 60 Pairings: Pies, Tarts, Cakes, Crisps, and More Topped with Ice Cream, Gelato, Frozen Custard, and More",Â£38.77
515cb8fcafb1ad98,Troublemaker: Surviving Hollywood and Scientology,Â£48.39
6159d8b187831770,The Widow,Â£27.26
985991708c47003e,"The Sleep Revolution: Transforming Your Life, One Night at a Time",Â£11.68
437d8dea9272d0a9,The Improbability of Love,Â£59.45
1c584f82a7a1c4f0,The Art of Startup Fundraising,Â£21.00
cf62fa272b5f0fa3,Take Me Home Tonight (Rock Star Romance #3),Â£53.98
f435aa99d864077d,Sleeping Giants (Themis Files #1),Â£48.74
b06599b108e83f98,"Setting the World on Fire: The Brief, Astonishing Life of St. Catherine of Siena",Â£21.15
05a61a3bd8ca4149,Playing with Fire,Â£13.71
b783ce08802cd1d1,Off the Hook (Fishing for Trouble #1),Â£47.67
47e1b2d43f709995,Mothering Sunday,Â£13.34
28b2df9fadc9f07e,"Mother, Can You Not?",Â£16.89
5569c3fea112718e,M Train,Â£27.18
bade9943ee01b63f,Lilac Girls,Â£17.28
469508882dfc1991,Lies and Other Acts of Love,Â£45.14
825d6c44da3ca5a6,Lab Girl,Â£40.85
20dc4f1ac5d4fd9c,Keep Me Posted,Â£20.46
ce8666d9b42fc9a0,It Didn't Start with You: How Inherited Family Trauma Shapes Who We Are and How to End the Cycle,Â£56.27
b5953ca1f8a0b8d7,Grey (Fifty Shades #4),Â£48.49
c65c25d990fc7025,"Exit, Pursued by a Bear",Â£51.34
f608c903c451f387,Daredevils,Â£16.34
2587c54f5530dafc,Cravings: Recipes for What You Want to Eat,Â£20.50
816180220e8cb419,Born for This: How to Find the Work You Were Meant to Do,Â£21.59
2c34f9432069b52b,Arena,Â£21.36
bb967277222e689c,Adultery,Â£20.88
2b69dec0193511d9,A Mother's Reckoning: Living in the Aftermath of Tragedy,Â£19.53
40c4bf520c17de54,A Gentleman's Position (Society of Gentlemen #3),Â£14.75
a9d7b75461084a26,11/22/63,Â£48.48
34669b2e9d407d3a,"10% Happier: How I Tamed the Voice in My Head, Reduced Stress Without Losing My Edge, and Found Self-Help That Actually Works",Â£24.57
96aa539bfd4c07e2,10-Day Green Smoothie Cleanse: Lose Up to 15 Pounds in 10 Days!,Â£49.71
ab60e6f5a63e1cfb,Without Shame,Â£48.27
d1848064c54e01c7,Watchmen,Â£58.05
4fd0a2a350f016e6,Unlimited Intuition Now,Â£58.87
0967effecd292a86,Underlying Notes,Â£11.82
903a9f8090104c2c,The Shack,Â£28.03
4b50fb1359ebf35d,The New Brand You: Your New Image Makes the Sale for You,Â£44.05
65cfc9f242c2984a,"The Moosewood Cookbook: Recipes from Moosewood Restaurant, Ithaca, New York",Â£12.34
33396269bcce166f,The Flowers Lied,Â£16.68
ca74f2e3c35a3e77,"The Fabric of the Cosmos: Space, Time, and the Texture of Reality",Â£55.91
3f25a2fedae191cc,The Book of Mormon,Â£24.57
f9c87ccb2bc4853b,The Art and Science of Low Carbohydrate Living,Â£52.98
e77594ece9b9d1fe,The Alien Club,Â£54.40
0e095ed785af7e43,Suzie Snowflake: One beautiful flake (a self-esteem story),Â£54.81
913e7109cec0cb4c,Nap-a-Roo,Â£25.08
ee6c67859d70186b,"NaNo What Now? Finding your editing process, revising your NaNoWriMo book and building a writing career through publishing and beyond",Â£10.41
6baac632f7711e26,Modern Day Fables,Â£47.44
8fab4c4f6f82a4ce,If I Gave You God's Phone Number....: Searching for Spirituality in America,Â£20.91
97187f5cf0385da3,"Fruits Basket, Vol. 9 (Fruits Basket #9)",Â£33.95
7e9068872228c474,Dress Your Family in Corduroy and Denim,Â£43.68
e845d305f64154f1,Don't Forget Steven,Â£33.23
7186241e043de5dc,Chernobyl 01:23:40: The Incredible True Story of the World's Worst Nuclear Disaster,Â£35.92
d6d9ffea95f2f8bf,Art and Fear: Observations on the Perils (and Rewards) of Artmaking,Â£48.63
63d5f1651880dcea,A Shard of Ice (The Black Symphony Saga #1),Â£56.63
c181ca8eabe7d18c,A Hero's Curse (The Unseen Chronicles #1),Â£50.49
61cf7eb9d2cd8bb0,23 Degrees South: A Tropical Tale of Changing Whether...,Â£35.79
e77033ce559947f7,"Zero to One: Notes on Startups, or How to Build the Future",Â£34.06
04f6c929888f4f11,Why Not Me?,Â£17.76
b69c852e7e3956af,When Breath Becomes Air,Â£39.36
1809259a5a5f1d8d,Vagabonding: An Uncommon Guide to the Art of Long-Term World Travel,Â£36.94
e0bdd79c7304ee8d,The Unlikely Pilgrimage of Harold Fry (Harold Fry #1),Â£43.62
3eec766dda26fa64,The New Drawing on the Right Side of the Brain,Â£43.02
5a0d2e9284004266,"The Midnight Assassin: Panic, Scandal, and the Hunt for America's First Serial Killer",Â£28.45
9afd00e81d6208e6,The Martian (The Martian #1),Â£41.39
4f283dfcbeccc0d4,The High Mountains of Portugal,Â£51.15
1bba4b1ba23ed2d6,The Grownup,Â£35.88
a2308a936e898d48,The E-Myth Revisited: Why Most Small Businesses Don't Work and What to Do About It,Â£36.91
331c26103d885cae,South of Sunshine,Â£28.93
a2475a245c9907c4,Smarter Faster Better: The Secrets of Being Productive in Life and Business,Â£38.89
e46a164cf310fd7d,Silence in the Dark (Logan Point #4),Â£58.33
bee6e93e9976f4fa,Shadows of the Past (Logan Point #1),Â£39.67
aeb51dfbe8aeec59,Roller Girl,Â£14.10
52fc458ffc756faf,Rising Strong,Â£21.82
d56d0710668bb39c,Proofs of God: Classical Arguments from Tertullian to Barth,Â£54.21
4a823d80aa30dbb0,Please Kill Me: The Uncensored Oral History of Punk,Â£31.19
c0fc0cd215ee1724,Out of Print: City Lights Spotlight No. 14,Â£53.64
9a7291b89bd5445c,My Life Next Door (My Life Next Door ),Â£36.39
bff270fe9c86a5a9,Miller's Valley,Â£58.54
4729afff3bea0f0a,Man's Search for Meaning,Â£29.48
4d3a4c7b442a9a4e,"Love That Boy: What Two Presidents, Eight Road Trips, and My Son Taught Me About a Parent's Expectations",Â£25.06
044534b0b28b4e87,Living Forward: A Proven Plan to Stop Drifting and Get the Life You Want,Â£12.55
c44c5e1425475206,Les Fleurs du Mal,Â£29.04
29af1a2566c4e36e,Left Behind (Left Behind #1),Â£40.72
39eefec3a8498dde,Kill 'Em and Leave: Searching for James Brown and the American Soul,Â£45.05
0cf57cb49272fd37,Kierkegaard: A Christian Missionary to Christians,Â£47.13
bd26e8a79a856c31,John Vassos: Industrial Design for Modern Life,Â£20.22
0ab4b35dcffcffd1,I'll Give You the Sun,Â£56.48
bbf1ea50be8008ab,I Will Find You,Â£44.21
0bfdef63285d3019,Hystopia: A Novel,Â£21.96
b7870fa6dc088fbb,Howl and Other Poems,Â£40.45
8a150fd8ff5d7686,History of Beauty,Â£10.29
d48c1369927ebef1,Heaven is for Real: A Little Boy's Astounding Story of His Trip to Heaven and Back,Â£52.86
df6a7c43faa6732b,Future Shock (Future Shock #1),Â£55.65
e049d44c4f1cf1b2,Ender's Game (The Ender Quintet #1),Â£43.64
0c11e2d068768dbb,Diary of a Citizen Scientist: Chasing Tiger Beetles and Other New Ways of Engaging the World,Â£28.41
4dbd54d9e36c9566,Death by Leisure: A Cautionary Tale,Â£37.51
7f5157bf53065d36,Brilliant Beacons: A History of the American Lighthouse,Â£11.45
77e9ea355bd8ae57,Brazen: The Courage to Find the You That's Been Hiding,Â£19.22
04e3de7ac35ec5cd,Between the World and Me,Â£56.91
15ebd83e53d0391b,Being Mortal: Medicine and What Matters in the End,Â£55.06
fef91502cbacf23a,"A Murder Over a Girl: Justice, Gender, Junior High",Â£13.20
b1a227b7609ff263,32 Yolks,Â£53.63
f16c2edb2a603f92,"""Most Blessed of the Patriarchs"": Thomas Jefferson and the Empire of the Imagination",Â£44.48
88ec621893e595d0,You Are a Badass: How to Stop Doubting Your Greatness and Start Living an Awesome Life,Â£12.08
b46d022080543144,Wildlife of New York: A Five-Borough Coloring Book,Â£22.14
9735c969c652dd89,What Happened on Beale Street (Secrets of the South Mysteries #2),Â£25.37
48cb52d78c992487,Unreasonable Hope: Finding Faith in the God Who Brings Purpose to Your Pain,Â£46.33
a94350ee74deaa07,Under the Tuscan Sun,Â£37.33
4242cc3d0437db12,Toddlers Are A**holes: It's Not Your Fault,Â£25.55
4a0b78598b42897a,The Year of Living Biblically: One Man's Humble Quest to Follow the Bible as Literally as Possible,Â£34.72
0ff9d10864db8364,The Whale,Â£35.96
9147c5251cc99eb1,The Story of Art,Â£41.14
0345872b14f9e774,The Origin of Species,Â£10.01
a8dbf1c6b41b885a,The Great Gatsby,Â£36.05
f935412970c9f58f,The Good Girl,Â£49.03
47f4fd3e8e1dac05,The Glass Castle,Â£16.24
57f85720e54d6442,The Faith of Christopher Hitchens: The Restless Soul of the World's Most Notorious Atheist,Â£39.55
7a10353c9c54cf7c,The Drowning Girls,Â£35.67
24933c712f0bca2f,The Constant Princess (The Tudor Court #1),Â£16.62
d250657f0ebc5d73,The Bourne Identity (Jason Bourne #1),Â£42.78
20789fb17b423c4c,The Bachelor Girl's Guide to Murder (Herringford and Watts Mysteries #1),Â£52.30
4b8fa561a1e52d1c,The Art Book,Â£32.34
5fbd03b1ac0a0e69,The 7 Habits of Highly Effective People: Powerful Lessons in Personal Change,Â£33.17
ba047a636b7d3793,Team of Rivals: The Political Genius of Abraham Lincoln,Â£20.12
8776181be110838a,Steal Like an Artist: 10 Things Nobody Told You About Being Creative,Â£20.90
bd087cf6a846db75,"Sit, Stay, Love",Â£20.90
7ffebdd1d5148aef,Sister Dear,Â£40.20
9639e89d20228e6e,"Shrunken Treasures: Literary Classics, Short, Sweet, and Silly",Â£52.87
8486f61aa81a3daa,"Rich Dad, Poor Dad",Â£51.74
31c56c4d0fe19340,Raymie Nightingale,Â£34.41
68008abf6409dfde,Playing from the Heart,Â£32.38
746029796363aa51,Nightstruck: A Novel,Â£50.35
924438fc6cbec836,"Naturally Lean: 125 Nourishing Gluten-Free, Plant-Based Recipes--All Under 300 Calories",Â£11.38
725cd8d23d78cdca,Meternity,Â£43.58
dac4b5847454fd9b,Memoirs of a Geisha,Â£49.67
b6670507e85b30e6,Like Never Before (Walker Family #2),Â£28.77
40cdcbb7692fd408,Life of Pi,Â£13.22
b74ee891e2a6dd69,Leave This Song Behind: Teen Poetry at Its Best,Â£51.17
4c82371b8cd02d4d,King's Folly (The Kinsman Chronicles #1),Â£39.61
68407606544d6f22,John Adams,Â£57.43
2a9fcb3382d351c8,How to Cook Everything Vegetarian: Simple Meatless Recipes for Great Food (How to Cook Everything),Â£46.01
eff5710404e2ff78,How to Be a Domestic Goddess: Baking and the Art of Comfort Cooking,Â£28.25
c00bc29a678a6efb,Good in Bed (Cannie Shapiro #1),Â£37.05
de6d7645f192d517,"Fruits Basket, Vol. 7 (Fruits Basket #7)",Â£19.57
2e40333991f56f45,For the Love: Fighting for Grace in a World of Impossible Standards,Â£45.13
4e78f06160b717ac,Finding God in the Ruins: How God Redeems Pain,Â£46.64
4fa75fc6829431ca,Every Heart a Doorway (Every Heart A Doorway #1),Â£12.16
4e980425468708da,Delivering the Truth (Quaker Midwife Mystery #1),Â£20.89
4807043b8218e9ce,Counted With the Stars (Out from Egypt #1),Â£17.97
4781b6bfd6f7a2c5,"Chronicles, Vol. 1",Â£52.60
a322361a37a78d3d,Blue Like Jazz: Nonreligious Thoughts on Christian Spirituality,Â£25.77
5b546a46a86a9d8c,Benjamin Franklin: An American Life,Â£48.19
6b52904b2ab91bf6,"At The Existentialist CafÃ©: Freedom, Being, and apricot cocktails with: Jean-Paul Sartre, Simone de Beauvoir, Albert Camus, Martin Heidegger, Edmund Husserl, Karl Jaspers, Maurice Merleau-Ponty and others",Â£29.93
cc1936a9f4e93477,A Summer In Europe,Â£44.34
6c7fa6844380f50a,A Short History of Nearly Everything,Â£52.40
d1378a0ad06ff979,A Gathering of Shadows (Shades of Magic #2),Â£44.81
5ba3d703d1ae0c1d,The Sound Of Love,Â£57.84
774fa432bd7d9c47,The Rise and Fall of the Third Reich: A History of Nazi Germany,Â£39.67
fd364afd082f5446,The Perks of Being a Wallflower,Â£55.02
2da5edf8b5776c9a,The Mysterious Affair at Styles (Hercule Poirot #1),Â£24.80
60376aa71be66083,The Man Who Mistook His Wife for a Hat and Other Clinical Tales,Â£59.45
2efa5a839e62b1bd,The Makings of a Fatherless Child,Â£31.58
d326e189b1210916,The Joy of Cooking,Â£43.27
e6635f5b0a2c78db,The Invention of Wings,Â£37.34
72b5355dda190b6a,The Hobbit (Middle-Earth Universe),Â£17.80
48736df57e7bec9f,The Great Railway Bazaar,Â£30.54
d33824cb93ecab6f,The Golden Compass (His Dark Materials #1),Â£18.77
2bc80eba94950873,The God Delusion,Â£46.85
eb7459e0c570251d,The Girl You Left Behind (The Girl You Left Behind #1),Â£15.79
cb17945cb90b7837,The Fellowship of the Ring (The Lord of the Rings #1),Â£10.27
3d250ab0f12be445,The Collected Poems of W.B. Yeats (The Collected Works of W.B. Yeats #1),Â£15.42
6478ccb4416e6a5d,The Barefoot Contessa Cookbook,Â£59.92
2a1b3d967cda1da2,Tell the Wolves I'm Home,Â£50.96
8d8e9f9b8730eb25,Ship Leaves Harbor: Essays on Travel by a Recovering Journeyman,Â£30.60
720c36b2bee4692e,Pride and Prejudice,Â£19.27
6d235933670503d9,Musicophilia: Tales of Music and the Brain,Â£46.58
f38f37ed934d84b2,Mere Christianity,Â£48.51
7a2b51f69e81c722,Me Before You (Me Before You #1),Â£19.02
6958de044cb28a84,In the Woods (Dublin Murder Squad #1),Â£38.38
fe0f34ebed689381,In Cold Blood,Â£49.98
e792c0969cefe1b8,How to Stop Worrying and Start Living,Â£46.49
012170e4fc87ace0,Give It Back,Â£18.32
384c7d41d5ffe9d1,"Girl, Interrupted",Â£42.14
56a34d0cec11d6b0,Fun Home: A Family Tragicomic,Â£56.59
97258f576d4bb672,"Fruits Basket, Vol. 6 (Fruits Basket #6)",Â£20.96
4e3b183180e2a992,Deception Point,Â£40.32
6e06d0f00f6da20f,"Death Note, Vol. 6: Give-and-Take (Death Note #6)",Â£36.39
f3c70d296ec796c4,Catherine the Great: Portrait of a Woman,Â£58.55
faf841f81c52638b,Better Homes and Gardens New Cook Book,Â£39.61
46cb43c2ab133ccc,An Unquiet Mind: A Memoir of Moods and Madness,Â£21.30
9e60929f521fa280,A Year in Provence (Provence #1),Â£56.88
2e5b4ff08a75fd02,World Without End (The Pillars of the Earth #2),Â£32.97
e75f3ae1da1cc652,"Will Grayson, Will Grayson (Will Grayson, Will Grayson)",Â£47.31
759ee7d059b1beb8,Why Save the Bankers?: And Other Essays on Our Economic and Political Crisis,Â£48.67
60369d96b7b80869,Where She Went (If I Stay #2),Â£41.73
163d89116179c33f,What If?: Serious Scientific Answers to Absurd Hypothetical Questions,Â£53.68
3a7d54a264d9f33e,Two Summers,Â£14.64
bc209a900101f28d,This Is Your Brain on Music: The Science of a Human Obsession,Â£38.40
abbb492978ff656d,The Secret Garden,Â£15.08
2e4fc5eacceec12c,The Raven King (The Raven Cycle #4),Â£30.57
e0b3a679b83caccc,The Raven Boys (The Raven Cycle #1),Â£57.74
f701fae56b645ef7,The Power Greens Cookbook: 140 Delicious Superfood Recipes,Â£11.05
93379e3a2072a01b,The Metamorphosis,Â£28.58
0d210d2448c3018f,The Mathews Men: Seven Brothers and the War Against Hitler's U-boats,Â£42.91
dfd9ff1f343cdaff,The Little Paris Bookshop,Â£24.73
c4589ee5977a47be,The Hiding Place,Â£55.91
3213b1f13f5f0f7c,The Grand Design,Â£13.76
ad84f18659e6bfe2,The Firm,Â£45.56
3661360c99719414,The Fault in Our Stars,Â£47.22
a2a9f76339d21ab1,The False Prince (The Ascendance Trilogy #1),Â£56.00
fe7210553d56c097,The Expatriates,Â£44.58
fec06f52054ea900,The Dream Thieves (The Raven Cycle #2),Â£34.50
c4182bdb53e2459a,The Darkest Corners,Â£11.33
b228042c088b1913,The Crossover,Â£38.77
b716233fcb6877e6,The 5th Wave (The 5th Wave #1),Â£11.83
84126312e2431a09,Tell the Wind and Fire,Â£45.51
50d5a7b861ed1c54,Tell Me Three Things,Â£41.81
1dba84766a5e87b8,Talking to Girls About Duran Duran: One Young Man's Quest for True Love and a Cooler Haircut,Â£25.15
84bb29c53592ac40,Siddhartha,Â£34.22
59a8ae019b64f2a7,Shiver (The Wolves of Mercy Falls #1),Â£16.23
2973d38c2fbd7a5c,Remember Me?,Â£11.48
e958ae92f328c181,Red Dragon (Hannibal Lecter #1),Â£23.37
6036239d2ab349b7,Peak: Secrets from the New Science of Expertise,Â£16.28
a4ce39a3720cd679,My Mother Was Nuts,Â£31.63
12a90b90283b2e6d,Mexican Today: New and Rediscovered Recipes for Contemporary Kitchens,Â£24.91
81c68492ccd72941,Maybe Something Beautiful: How Art Transformed a Neighborhood,Â£22.54
5e1a88d248599768,Lola and the Boy Next Door (Anna and the French Kiss #2),Â£23.63
7093cf549cd2e7de,Logan Kade (Fallen Crest High #5.5),Â£13.12
07e6810fd3236bda,Last One Home (New Beginnings #1),Â£59.98
8dde2ff3f6fcc0a3,Killing Floor (Jack Reacher #1),Â£31.49
44f545727e704187,Kill the Boy Band,Â£15.52
45045146dbf7b009,Isla and the Happily Ever After (Anna and the French Kiss #3),Â£48.13
7284d85428305f5a,If I Stay (If I Stay #1),Â£38.13
d219d4e325e6f204,I Know Why the Caged Bird Sings (Maya Angelou's Autobiography #1),Â£36.55
6c49258724f11770,Harry Potter and the Deathly Hallows (Harry Potter #7),Â£23.32
3fd83dcf37bf1bc0,"Fruits Basket, Vol. 5 (Fruits Basket #5)",Â£16.33
3fc124f59f3068e4,Foundation (Foundation (Publication Order) #1),Â£32.42
630e766f0a1987dd,Fool Me Once,Â£16.96
b28c7d07afa7063b,Find Her (Detective D.D. Warren #8),Â£22.37
75cc85cdbe9ad46b,Evicted: Poverty and Profit in the American City,Â£42.27
d5ad4c92d8bf26c9,Drama,Â£38.70
e46b1074b99ac4b6,Dracula the Un-Dead,Â£35.63
94bb629a3f6dd00b,Digital Fortress,Â£58.00
1c0a38899c82b60a,"Death Note, Vol. 5: Whiteout (Death Note #5)",Â£52.41
bcf567421c581f0a,"Data, A Love Story: How I Gamed Online Dating to Meet My Match",Â£32.35
429b4a811bef386c,Critique of Pure Reason,Â£20.75
b54d7416bb445989,Booked,Â£17.49
ad5e078beceaeb4a,"Blue Lily, Lily Blue (The Raven Cycle #3)",Â£34.13
612369a5947a012e,Approval Junkie: Adventures in Caring Too Much,Â£58.81
f36d24c309e87e5b,An Abundance of Katherines,Â£10.00
add33db6ff80db24,America's War for the Greater Middle East: A Military History,Â£51.22
d9290e99f189ce84,Alight (The Generations Trilogy #2),Â£58.59
cf3b86489890b9f2,A Girl's Guide to Moving On (New Beginnings #2),Â£31.30
03cbb67c0f990d87,A Game of Thrones (A Song of Ice and Fire #1),Â£46.42
f2c8f4b4c94d5c5c,A Feast for Crows (A Song of Ice and Fire #4),Â£17.21
89a89e76f3516357,A Clash of Kings (A Song of Ice and Fire #2),Â£10.79
a8f4577a48023344,Vogue Colors A to Z: A Fashion Coloring Book,Â£52.35
d4de23aa98acc65b,The Shining (The Shining #1),Â£27.88
6053ddf69c967d5f,The Pilgrim's Progress,Â£50.26
9cc207168a03470d,The Perfect Play (Play by Play #1),Â£59.99
011674f4a3834b8d,The Passion of Dolssa,Â£28.32
6a57286a8890d8c5,The Jazz of Physics: The Secret Link Between Music and the Structure of the Universe,Â£38.71
6d2f70d9424f41a1,The Hunger Games (The Hunger Games #1),Â£29.85
6587f46697fc4443,The Hound of the Baskervilles (Sherlock Holmes #5),Â£14.82
45033bdf3d9ed158,The Gunning of America: Business and the Making of American Gun Culture,Â£16.81
c65ee14957c0fa5c,The Geography of Bliss: One Grump's Search for the Happiest Places in the World,Â£28.23
ff2dffba388d9922,The Demonists (Demonist #1),Â£52.11
df53c2948b32bde3,"The Demon Prince of Momochi House, Vol. 4 (The Demon Prince of Momochi House #4)",Â£27.88
9c4d061c1e2fe6bf,The Bone Hunters (Lexy Vaughan & Steven Macaulay #2),Â£59.71
8930013d06942df1,The Beast (Black Dagger Brotherhood #14),Â£46.08
31f5bbf4974d29c9,Some Women,Â£13.73
38199c5d7da0c0ef,Shopaholic Ties the Knot (Shopaholic #3),Â£48.39
ae884ac655d6ee3e,Paper and Fire (The Great Library #2),Â£49.45
5de4baa88061a77a,Outlander (Outlander #1),Â£19.67
2ba5ccc84d35006c,"Orchestra of Exiles: The Story of Bronislaw Huberman, the Israel Philharmonic, and the One Thousand Jews He Saved from Nazi Horrors",Â£12.36
3a95f5a2df4ff921,No One Here Gets Out Alive,Â£20.02
869d20b3b8128230,Night Shift (Night Shift #1-20),Â£12.75
70b585c9d0f15725,Needful Things,Â£47.51
5212c6acea3359e5,Mockingjay (The Hunger Games #3),Â£20.44
81d4191030b9704b,Misery,Â£34.79
deda806b68b0aa11,Little Women (Little Women #1),Â£28.07
670a2773607d785d,It,Â£25.01
ac337893a9fe0085,Harry Potter and the Sorcerer's Stone (Harry Potter #1),Â£13.90
eff24325e0ede639,Harry Potter and the Prisoner of Azkaban (Harry Potter #3),Â£24.17
5a6b7155f2797537,Harry Potter and the Order of the Phoenix (Harry Potter #5),Â£31.63
73f4f87dd936ee5c,Harry Potter and the Half-Blood Prince (Harry Potter #6),Â£48.75
c7c4f55b7321cba7,Harry Potter and the Chamber of Secrets (Harry Potter #2),Â£14.74
23310ce84d3c9f85,Gone with the Wind,Â£32.49
ddbc5530d2939d49,God Is Not Great: How Religion Poisons Everything,Â£27.80
5eff05e59f905a49,Girl With a Pearl Earring,Â£26.77
8fff1084aa085a13,"Fruits Basket, Vol. 4 (Fruits Basket #4)",Â£50.44
ad15a9a139919918,Far From True (Promise Falls Trilogy #2),Â£34.93
2b69d289279aabfd,Dark Lover (Black Dagger Brotherhood #1),Â£12.87
a2dc754afb69bb32,Confessions of a Shopaholic (Shopaholic #1),Â£48.94
aaebac5fda798b1b,Changing the Game (Play by Play #2),Â£13.38
2798974abc8a58a8,Candide,Â£58.63
0812f54c93d726ce,Can You Keep a Secret?,Â£21.94
78a4ac98191ac675,Atlas Shrugged,Â£26.58
1451b55e5e56bb89,Animal Farm,Â£57.22
aead11697d14ea36,A Walk to Remember,Â£56.43
f6ae39568db1130e,A New Earth: Awakening to Your Life's Purpose,Â£55.65
d12ca4020c2f602e,"A History of God: The 4,000-Year Quest of Judaism, Christianity, and Islam",Â£27.62
6e9403f00acd6752,'Salem's Lot,Â£49.56
634b7165c96ebb9f,Zero History (Blue Ant #3),Â£34.77
5a7ff9aaa3168878,Wuthering Heights,Â£17.73
5d55202da0252627,World War Z: An Oral History of the Zombie War,Â£21.80
d30b9215c72cca87,Wild: From Lost to Found on the Pacific Crest Trail,Â£46.02
07bb35158d9dd3d2,"Where'd You Go, Bernadette",Â£18.13
dab0196cd5fc8e5e,When You Are Engulfed in Flames,Â£30.89
06bab964fd536971,We the People: The Modern-Day Figures Who Have Reshaped and Affirmed the Founding Fathers' Vision of America,Â£31.95
be3db344a845580b,We Are All Completely Beside Ourselves,Â£24.04
0e4e2d31c2fb3aad,Walk the Edge (Thunder Road #2),Â£32.36
7feac4000cbc5859,Voyager (Outlander #3),Â£21.07
52aa3d79b1cee455,Very Good Lives: The Fringe Benefits of Failure and the Importance of Imagination,Â£50.66
4672d10b9b1e7a05,Vegan Vegetarian Omnivore: Dinner for Everyone at the Table,Â£13.66
b830685072fa871f,"Unstuffed: Decluttering Your Home, Mind, and Soul",Â£58.09
599a4f98bb193368,Under the Banner of Heaven: A Story of Violent Faith,Â£30.00
61bc8167c9680283,Two Boys Kissing,Â£32.74
b53078de0147f6bf,Twilight (Twilight #1),Â£41.93
8ebad30219b8679c,Twenties Girl,Â£42.80
2173a2ce35f6ace1,"Trespassing Across America: One Man's Epic, Never-Done-Before (and Sort of Illegal) Hike Across the Heartland",Â£53.51
57f755143ee96fd4,Three-Martini Lunch,Â£23.21
719d72f3ee512dc6,"Thinking, Fast and Slow",Â£21.14
75fed6a47f69859d,The Wild Robot,Â£56.07
a33ed2e6068df53e,"The Wicked + The Divine, Vol. 3: Commercial Suicide (The Wicked + The Divine)",Â£14.41
813cff2aefa5d1f0,The Undomestic Goddess,Â£45.75
2b685187f55c5d31,The Travelers,Â£15.77
224fa77d4b248046,The Tipping Point: How Little Things Can Make a Big Difference,Â£10.02
3d15714d4d3d15dd,The Thing About Jellyfish,Â£48.77
49f24193f0b961e6,The Stand,Â£57.86
742702d662a71410,The Smitten Kitchen Cookbook,Â£23.59
f06039c29b5891fa,The Silkworm (Cormoran Strike #2),Â£23.05
91eb9605998a7c03,"The Sandman, Vol. 3: Dream Country (The Sandman (volumes) #3)",Â£55.55
322a9e34d87f54b1,The Rose & the Dagger (The Wrath and the Dawn #2),Â£58.64
366a236aa1ea6f07,The Road to Little Dribbling: Adventures of an American in Britain (Notes From a Small Island #2),Â£23.21
1a5044d233936b1a,The Rise of Theodore Roosevelt (Theodore Roosevelt #1),Â£42.57
0e92ccf1bd39e68f,The Restaurant at the End of the Universe (Hitchhiker's Guide to the Galaxy #2),Â£10.92
e2d47e82c50d41d9,The Rest Is Noise: Listening to the Twentieth Century,Â£34.77
3c456328b04a8ee8,The Red Tent,Â£35.66
0e7beedf0ee9380c,The Purpose Driven Life: What on Earth Am I Here for?,Â£37.19
969f6c7e86554814,The Purest Hook (Second Circle Tattoos #3),Â£12.25
b9f6305a3d650e2c,The Picture of Dorian Gray,Â£29.70
fa26798728f5208f,The Paris Wife,Â£36.80
ee441c8e027caa66,The Obsession,Â£45.43
29d6d87f3418638b,The Nightingale,Â£26.26
3e42ac0f4d43320f,The New Guy (and Other Senior Year Distractions),Â£44.92
6263c1d2997b8ce0,The Nanny Diaries (Nanny #1),Â£52.53
0baf71623648413a,The Name of God is Mercy,Â£37.25
4266f48a0aa1c37d,The Maze Runner (The Maze Runner #1),Â£20.93
36c15687f5ab0f7c,The Lover's Dictionary,Â£58.09
cf2f27fdf94ba20e,The Lonely Ones,Â£43.59
70c7c3ca7f9b2728,The Lean Startup: How Today's Entrepreneurs Use Continuous Innovation to Create Radically Successful Businesses,Â£33.92
476c7972e9b41891,The Last Painting of Sara de Vos,Â£55.55
35e69a79d2b1e804,"The Land of 10,000 Madonnas",Â£29.64
554e9e2d532b3a87,The Infinities,Â£27.41
ff6bb30dd0c482a6,The Husband's Secret,Â£52.51
a8b0ea6490bc818f,The Hitchhiker's Guide to the Galaxy (Hitchhiker's Guide to the Galaxy #1),Â£47.80
b5da59dd177eb36b,The Guns of August,Â£14.54
4a0a276409968a73,The Guernsey Literary and Potato Peel Pie Society,Â£49.53
c88422d8959260ab,The Goldfinch,Â£43.58
e2dac1f4739e0bd5,The Giver (The Giver Quartet #1),Â£12.30
92dcc54a27107a37,The Girl with All the Gifts,Â£49.47
bfa9cb304075d3e8,The Girl Who Played with Fire (Millennium Trilogy #2),Â£22.14
8f5d16a5a9bd58b2,The Girl Who Kicked the Hornet's Nest (Millennium Trilogy #3),Â£57.48
dd003e904727281a,The Exiled,Â£43.45
b3f2bc2cefb35f05,"The End of Faith: Religion, Terror, and the Future of Reason",Â£22.13
c6bf14cb901c63ac,"The Elegant Universe: Superstrings, Hidden Dimensions, and the Quest for the Ultimate Theory",Â£13.03
63c0826ef59eae66,"The Disappearing Spoon: And Other True Tales of Madness, Love, and the History of the World from the Periodic Table of the Elements",Â£57.35
a6ab0cb7106a67f2,The Devil Wears Prada (The Devil Wears Prada #1),Â£44.29
f51062bf579507d9,The Demon-Haunted World: Science as a Candle in the Dark,Â£52.25
b22362b434e8ee62,The Day the Crayons Came Home (Crayons),Â£26.33
dabf11918b48b40c,The Da Vinci Code (Robert Langdon #2),Â£22.96
1be6d3b121865edb,The Cuckoo's Calling (Cormoran Strike #1),Â£19.21
cad70d6ffd53912f,The Complete Stories and Poems (The Works of Edgar Allan Poe [Cameo Edition]),Â£26.78
23707d3ddf14a999,The Complete Poems,Â£41.32
487449f4f6322f0f,The Catcher in the Rye,Â£24.55
b7f475238ed50429,The Cat in the Hat (Beginner Books B-1),Â£16.26
970bd3316219e7dc,The Case for Christ (Cases for Christianity),Â£47.84
a75e274c8814b539,The Book Thief,Â£53.49
08decd9664e5d56e,The Book of Basketball: The NBA According to The Sports Guy,Â£44.84
cd3dcd83bb002e78,The Blind Side: Evolution of a Game,Â£53.71
b04a6a0db525857d,The Autobiography of Malcolm X,Â£23.43
311634df10651e05,"The Art of Simple Food: Notes, Lessons, and Recipes from a Delicious Revolution",Â£34.32
2858ac90c4758e1f,The Art of Fielding,Â£22.10
61002f3b7ba5d780,"Surely You're Joking, Mr. Feynman!: Adventures of a Curious Character",Â£25.83
a11ae5f07572ef49,Stiff: The Curious Lives of Human Cadavers,Â£36.74
f08667e4c0458f37,Spilled Milk: Based on a True Story,Â£49.51
ac27ab4bcd9c492e,Something Borrowed (Darcy & Rachel #1),Â£48.96
3fc9d51d1c4d6ba7,Something Blue (Darcy & Rachel #2),Â£54.62
feaaae90514eb2ac,Soldier (Talon #3),Â£24.72
c57d3c96af23c297,Shopaholic & Baby (Shopaholic #5),Â£46.45
07806456878931bc,Seven Days in the Art World,Â£52.33
281a244ce1954711,Seven Brief Lessons on Physics,Â£30.60
510832818edb6fbc,Scarlet (The Lunar Chronicles #2),Â£14.57
5b2cd5b31a510848,Sarah's Key,Â£46.29
7b870bf85d01c2dc,"Saga, Volume 3 (Saga (Collected Editions) #3)",Â£21.57
28921443f052bea6,Running with Scissors,Â£12.91
b4f5672f68ec3a83,Rogue Lawyer (Rogue Lawyer #1),Â£50.11
89cad3f37c9ce226,"Rise of the Rocket Girls: The Women Who Propelled Us, from Missiles to the Moon to Mars",Â£41.67
8e9dd8431170c09e,Rework,Â£44.88
ecdf73ee66c33b17,Reservations for Two,Â£11.10
4c8ece50736f9e88,Red: The True Story of Red Riding Hood,Â£28.54
2ef5dc7e278e562a,Ready Player One,Â£19.07
3c565df219ba3274,Quiet: The Power of Introverts in a World That Can't Stop Talking,Â£43.55
9707989a439757b4,Prodigy: The Graphic Novel (Legend: The Graphic Novel #2),Â£43.63
cb62418129b864a3,Persepolis: The Story of a Childhood (Persepolis #1-2),Â£39.13
8e2dfd6bcf48e1e6,Packing for Mars: The Curious Science of Life in the Void,Â£56.68
09a7b0b566ad6225,Outliers: The Story of Success,Â£14.16
c59283b05905c853,Original Fake,Â£31.45
8378c899988905ee,Orange Is the New Black,Â£24.61
3250650a5c4e6f07,One for the Money (Stephanie Plum #1),Â£32.87
cb65e49993db9a93,Notes from a Small Island (Notes From a Small Island #1),Â£40.17
c4d9fce9eff3b8ba,Night (The Night Trilogy #1),Â£13.51
747cf7fca2ccdbd4,Neither Here nor There: Travels in Europe,Â£38.95
54aeeb4610d3ae08,Naked,Â£31.69
7ce5a92baabb6bc0,Morning Star (Red Rising #3),Â£29.40
7980fa06f2b704d8,"Miracles from Heaven: A Little Girl, Her Journey to Heaven, and Her Amazing Story of Healing",Â£57.83
e9056f9b5a40a301,Midnight Riot (Peter Grant/ Rivers of London - books #1),Â£55.46
abc4a7ee16c21088,Me Talk Pretty One Day,Â£57.60
546da23278482b0a,Manuscript Found in Accra,Â£34.98
0dcadb06206abd3c,Lust & Wonder,Â£11.87
4ef75307fb64e2ad,Lila (Gilead #3),Â£12.47
4b3f4f151c99f472,"Life, the Universe and Everything (Hitchhiker's Guide to the Galaxy #3)",Â£33.26
c53d9fefcda371e9,Life Without a Recipe,Â£59.04
4ec53ff7e2263f32,Life After Life,Â£26.13
1de75f05d57bfc10,Letter to a Christian Nation,Â£22.20
1246e4ffeb5ac4ea,Let's Pretend This Never Happened: A Mostly True Memoir,Â£45.11
0ce8075fab4a2b5b,Legend (Legend #1),Â£43.69
d5e1a9bfe22bbf9f,"Lean In: Women, Work, and the Will to Lead",Â£25.02
190fbebbf798c31a,"Lamb: The Gospel According to Biff, Christ's Childhood Pal",Â£55.50
16e843e6b853cc2f,Lady Renegades (Rebel Belle #3),Â£53.04
a0dd11f6abc421ec,Jurassic Park (Jurassic Park #1),Â£44.97
d4a29356fc992879,It's Never Too Late to Begin Again: Discovering Creativity and Meaning at Midlife and Beyond,Â£42.38
034829ffdd0a0aea,Is Everyone Hanging Out Without Me? (And Other Concerns),Â£20.11
a7c3f1010d64799a,Into the Wild,Â£56.70
6c4646d90b60a56c,Inferno (Robert Langdon #4),Â£41.00
d8292cd5f1aca291,"In the Garden of Beasts: Love, Terror, and an American Family in Hitler's Berlin",Â£28.85
61569d12d4ae7161,If I Run (If I Run #1),Â£49.97
6b32b561dab8036c,I've Got Your Number,Â£19.69
8010c7c148057fd3,I Am Malala: The Girl Who Stood Up for Education and Was Shot by the Taliban,Â£28.88
6c4d17a46cac8787,Hungry Girl Clean & Hungry: Easy All-Natural Recipes for Healthy Eating in the Real World,Â£33.14
1812b8f5641287e3,"House of Lost Worlds: Dinosaurs, Dynasties, and the Story of Life on Earth",Â£43.70
557c03c284be1bf2,House of Leaves,Â£54.89
cc1ac978a6835ef6,Horrible Bear!,Â£37.52
0cb4856be3694a57,Holidays on Ice,Â£51.07
b003f8bb02f76dc5,Heir to the Sky,Â£44.07
621e2c310cec8d32,Green Eggs and Ham (Beginner Books B-16),Â£10.79
4f6985aca357ae09,"Grayson, Vol 3: Nemesis (Grayson #3)",Â£42.72
c300cc9326592b65,Gratitude,Â£26.66
d5c588b6f9c015e4,Gone Girl,Â£37.60
984b3b6e7479b571,Golden (Heart of Dread #3),Â£42.21
41fc5dce044f16f5,Girl in the Blue Coat,Â£46.83
d5f5a122a593b580,"Fruits Basket, Vol. 3 (Fruits Basket #3)",Â£45.17
a9aa3ed5b316470b,"Friday Night Lights: A Town, a Team, and a Dream",Â£51.22
2ed3a794a70aa85f,Fire Bound (Sea Haven/Sisters of the Heart #5),Â£21.28
ed813a848580ba50,Fifty Shades Freed (Fifty Shades #3),Â£15.36
147019cae600694e,Fellside,Â£38.62
588ba85ff11a3263,Extreme Prey (Lucas Davenport #26),Â£25.40
b843f52a986a2914,Eragon (The Inheritance Cycle #1),Â£43.87
73f71f9556442117,Eclipse (Twilight #3),Â£18.74
36d5884d44484277,Dune (Dune #1),Â£54.86
a7ec599c1a547746,Dracula,Â£52.62
98330e431e56a9ea,Do Androids Dream of Electric Sheep? (Blade Runner #1),Â£51.48
81372abc86f65c79,Disrupted: My Misadventure in the Start-Up Bubble,Â£15.28
04d858cdeeee0da4,Dead Wake: The Last Crossing of the Lusitania,Â£39.24
d234ddecef49ef4e,"David and Goliath: Underdogs, Misfits, and the Art of Battling Giants",Â£17.81
468bd274ac084bb9,Darkfever (Fever #1),Â£56.02
66937c669c4da072,Dark Places,Â£23.90
c9782ad2a0ed9331,Crazy Rich Asians (Crazy Rich Asians #1),Â£49.13
157f693d9e600ccc,Counting Thyme,Â£10.62
dbe33cf29ef1623d,Cosmos,Â£36.17
396385e3de5d18c3,Civilization and Its Discontents,Â£59.95
7e9579921e5407cb,Cinder (The Lunar Chronicles #1),Â£26.09
ef49db2aaa9bb547,Catastrophic Happiness: Finding Joy in Childhood's Messy Years,Â£37.35
b461cf238506c5b8,Career of Evil (Cormoran Strike #3),Â£24.72
bbfc4a3b7b6c94a0,Breaking Dawn (Twilight #4),Â£35.28
fd2337c1b73b686e,Brave Enough,Â£51.32
8e0bc2fe4e7d35b5,Boy Meets Boy,Â£21.12
e256de8aa0c2115f,"Born to Run: A Hidden Tribe, Superathletes, and the Greatest Race the World Has Never Seen",Â£27.35
0bbc48294707ba96,Blink: The Power of Thinking Without Thinking,Â£21.74
860318b8e244f39c,Black Flags: The Rise of ISIS,Â£40.87
15f415d436888b2d,"Black Butler, Vol. 1 (Black Butler #1)",Â£49.31
d3f9c4539c0caa64,Big Little Lies,Â£22.11
155e42df837ee5ff,Between Shades of Gray,Â£20.79
67dea6c75d6a1075,Best of My Love (Fool's Gold #20),Â£27.41
3fb69f34e178d494,Beowulf,Â£38.35
5439bae708bca198,Beautiful Creatures (Caster Chronicles #1),Â£21.55
1d89a2aa9f6ce50f,Awkward,Â£38.02
5d22e2a46604b6e7,Ash,Â£22.06
ef9c4f2465513956,Are We There Yet?,Â£10.66
da0349a87c8caa2f,Are We Smart Enough to Know How Smart Animals Are?,Â£56.58
7bf87402413c27ff,Annie on My Mind,Â£36.83
cfe350b20d23b02b,And Then There Were None,Â£35.01
bcee4f289ff6699c,A Walk in the Woods: Rediscovering America on the Appalachian Trail,Â£30.48
5dbd6ec4e154ad2f,A Visit from the Goon Squad,Â£14.08
87beabf664115d79,A Storm of Swords (A Song of Ice and Fire #3),Â£31.22
c9770bb1d5a492a0,A Heartbreaking Work of Staggering Genius,Â£54.29
f5873c8fc7760000,8 Keys to Mental Health Through Exercise,Â£31.04
165affa7adb5eded,#GIRLBOSS,Â£50.96
d2185b65af52d68c,"The Suffragettes (Little Black Classics, #96)",Â£11.89
4130678275eb7c8c,The Sense of an Ending,Â£31.38
276dc716b1da8899,"The Sandman, Vol. 2: The Doll's House (The Sandman (volumes) #2)",Â£54.81
f3c76b53b239f511,The Course of Love,Â£16.78
ce42e3de94226b2b,Sugar Rush (Offensive Line #2),Â£24.42
9189fd009df41d0e,"Saga, Volume 2 (Saga (Collected Editions) #2)",Â£11.75
b0e479be03911916,"Run, Spot, Run: The Ethics of Keeping Pets",Â£20.02
6fa3ea52c8e31e06,New Moon (Twilight #2),Â£12.86
637e5a45062aa548,Life,Â£31.58
fb495f9f9015a772,Kindle Paperwhite User's Guide,Â£34.00
b6d3f4f4ee1f6069,H is for Hawk,Â£57.42
97b8f130d32e9f4e,Girl Online On Tour (Girl Online #2),Â£53.47
c0db71f6bb14db11,"Fruits Basket, Vol. 2 (Fruits Basket #2)",Â£11.64
d7b463918d3b8c39,Diary of a Minecraft Zombie Book 1: A Scare of a Dare (An Unofficial Minecraft Book),Â£52.88
09d26b5f819c6a36,"Y: The Last Man, Vol. 1: Unmanned (Y: The Last Man #1)",Â£18.51
8ceb5c6aed2c5f8b,While You Were Mine,Â£41.32
def389ddfda6991b,Where Lightning Strikes (Bleeding Stars #3),Â£39.77
c5f91eb481427dc5,When I'm Gone,Â£51.96
66a4e422b212726a,Ways of Seeing,Â£39.51
e7e87087b1a44711,"Vampire Knight, Vol. 1 (Vampire Knight #1)",Â£15.40
dab5e75d1339706a,Vampire Girl (Vampire Girl #1),Â£53.82
e63c3f25338baf9a,Twenty Love Poems and a Song of Despair,Â£30.95
0268f149d014b389,Travels with Charley: In Search of America,Â£57.82
460f97a346b44bac,Three Wishes (River of Time: California #1),Â£44.18
d6d98d3508c30f57,This One Moment (Pushing Limits #1),Â£48.71
9c96cd1329fbd82d,The Zombie Room,Â£19.69
dac9d1e654fac737,"The Wicked + The Divine, Vol. 1: The Faust Act (The Wicked + The Divine)",Â£36.52
6514add13c82b115,The Tumor,Â£41.56
32d035df92ab9080,The Story of Hong Gildong,Â£43.19
b78deb463531d078,The Silent Wife,Â£12.34
9e9932ae1a7d0943,The Silent Twin (Detective Jennifer Knight #3),Â£36.25
6f2c0a9adbb2bca9,The Selfish Gene,Â£29.45
38f776ab9118aed7,The Secret Healer,Â£34.56
5faefdc861684eb1,"The Sandman, Vol. 1: Preludes and Nocturnes (The Sandman (volumes) #1)",Â£54.12
0ec9d2b018fb10d8,The Republic,Â£33.78
f0512adadffd2480,The Odyssey,Â£29.64
b0913e67d38d5ed5,The No. 1 Ladies' Detective Agency (No. 1 Ladies' Detective Agency #1),Â£57.70
5c10b64db3e4f228,The Nicomachean Ethics,Â£36.34
c8614adb1a90b027,The Name of the Wind (The Kingkiller Chronicle #1),Â£50.59
c40b70e0f6d80189,The Mirror & the Maze (The Wrath and the Dawn #1.5),Â£29.38
1aeca7d078d57deb,The Little Prince,Â£45.42
04e43893e32f9d29,The Light of the Fireflies,Â£54.43
16c71736dae78764,The Last Girl (The Dominion Trilogy #1),Â£36.26
86d8bd7afa5b51b3,The Iliad,Â£16.16
6e473eff459e809f,The Hook Up (Game On #1),Â£36.29
fff8a057a40c4a60,The Haters,Â£27.89
4280ac3eab57aa5d,The Girl You Lost,Â£12.29
ee61197edb882599,The Girl In The Ice (DCI Erika Foster #1),Â£15.85
09659d1639a1f978,The End of the Jesus Era (An Investigation #1),Â£14.40
29fc016c459aeb14,The Edge of Reason (Bridget Jones #2),Â£19.18
3301af038a720587,The Complete Maus (Maus #1-2),Â£10.64
18b4545a5ed15581,The Communist Manifesto,Â£14.76
f3a0b8c835129558,The Bhagavad Gita,Â£57.49
dfb0849016bc122c,The Bette Davis Club,Â£30.66
5bc1fbccfbf2355c,The Art of Not Breathing,Â£40.83
a7eef9d6795422c1,Taking Shots (Assassins #1),Â£18.88
e25164e5b3fe208b,Starlark,Â£25.83
2ac720f76384c57e,"Skip Beat!, Vol. 01 (Skip Beat! #1)",Â£42.12
3a9a7c5895e82646,Sister Sable (The Mad Queen #1),Â£13.33
9ed7090d8fa690b0,Shatter Me (Shatter Me #1),Â£42.40
c068c013d6921fea,Shameless,Â£58.35
229cd6564bf0dce4,Shadow Rites (Jane Yellowrock #10),Â£21.72
132adf7335bb384a,Settling the Score (The Summer Games #1),Â£44.91
35e44170702139a4,Sense and Sensibility,Â£37.46
4f64568dfefa3ce7,"Saga, Volume 1 (Saga (Collected Editions) #1)",Â£28.48
9efb397067eb7e8a,"Rhythm, Chord & Malykhin",Â£28.34
3cdca3b4a93980f5,"Rat Queens, Vol. 1: Sass & Sorcery (Rat Queens (Collected Editions) #1-5)",Â£46.96
849db7ab7f4a640c,Paradise Lost (Paradise #1),Â£24.96
bcbcbcf0f6ed196f,"Paper Girls, Vol. 1 (Paper Girls #1-5)",Â£21.71
326825e02a198cf6,"Ouran High School Host Club, Vol. 1 (Ouran High School Host Club #1)",Â£29.87
8932e5c12f12ffed,Origins (Alphas 0.5),Â£28.99
7ea31f38675b91c1,One Second (Seven #7),Â£52.94
9ff997ab15713e53,On the Road (Duluoz Legend),Â£32.36
a1985630339f4b3d,Old Records Never Die: One Man's Quest for His Vinyl and His Past,Â£55.66
b6f1cfadc4dd79d4,Off Sides (Off #1),Â£39.45
39592d9d72e717c4,Of Mice and Men,Â£47.11
63e20a0f98218a87,Myriad (Prentor #1),Â£58.75
fd78f89878479f56,My Perfect Mistake (Over the Top #1),Â£38.92
35a60467893aa168,"Ms. Marvel, Vol. 1: No Normal (Ms. Marvel (2014-2015) #1)",Â£39.39
4f19709e47883df5,Meditations,Â£25.89
1053fb7ee17a1f33,Matilda,Â£28.34
d510567580c8be52,Lost Among the Living,Â£27.70
71a6471bbdac21d9,Lord of the Flies,Â£24.89
6e712ea24e77bd96,Listen to Me (Fusion #1),Â£58.99
06f6a57a6d532844,Kitchens of the Great Midwest,Â£57.20
8d390a1fc3133d06,Jane Eyre,Â£38.43
f28f7299d38c0932,Imperfect Harmony,Â£34.74
3455b45888fb5053,Icing (Aces Hockey #2),Â£40.44
6fe02600f322a0a9,"Hawkeye, Vol. 1: My Life as a Weapon (Hawkeye #1)",Â£45.24
6717a70913b3db79,Having the Barbarian's Baby (Ice Planet Barbarians #7.5),Â£34.96
eb0fe24bbc845ecc,"Giant Days, Vol. 1 (Giant Days #1-4)",Â£56.76
72e6fbf4f6382557,"Fruits Basket, Vol. 1 (Fruits Basket #1)",Â£40.28
a492f49a3e2b6a71,Frankenstein,Â£38.00
e564c3f1a93ccf2e,Forever Rockers (The Rocker #12),Â£28.80
6390772a3094939d,Fighting Fate (Fighting #6),Â£39.24
2e69730561ed70ad,Emma,Â£32.93
df56868afd166557,"Eat, Pray, Love",Â£51.32
0072b94dfa30608e,Deep Under (Walker Security #1),Â£47.09
a812f6969ddf3e39,Choosing Our Religion: The Spiritual Lives of America's Nones,Â£28.42
1774749f2cee292f,Charlie and the Chocolate Factory (Charlie Bucket #1),Â£22.85
a96404cb928895f3,Charity's Cross (Charles Towne Belles #4),Â£41.24
230ac636ea0ea415,Bright Lines,Â£39.07
a2b4b685dfa94733,Bridget Jones's Diary (Bridget Jones #1),Â£29.82
abc0b15f2c907ff0,Bounty (Colorado Mountain #7),Â£37.26
95cdfd514098c38b,Blood Defense (Samantha Brinkman #1),Â£20.30
099fae4a0705d63b,"Bleach, Vol. 1: Strawberry and the Soul Reapers (Bleach #1)",Â£34.65
08672cd59171d5e4,Beyond Good and Evil,Â£43.38
cd2a2a70dd5d176d,Alice in Wonderland (Alice's Adventures in Wonderland #1),Â£55.53
bfd5e1701c862ac3,"Ajin: Demi-Human, Volume 1 (Ajin: Demi-Human #1)",Â£57.06
19fec36a1dfb4c16,A Spy's Devotion (The Regency Spies of London #1),Â£16.97
f684a82adc49f011,1st to Die (Women's Murder Club #1),Â£53.98
228ba5e7577e1d49,"1,000 Places to See Before You Die",Â£26.08
